date,year,quarter,"AGRICULTURA, SILVICULTURA, CAZA Y PESCA",PETRÓLEO CRUDO Y GAS NATURAL,MINERALES METÁLICOS Y NO METÁLICOS,INDUSTRIA MANUFACTURERA,"ELECTRICIDAD, GAS Y AGUA",CONSTRUCCIÓN,COMERCIO,TRANSPORTE Y COMUNICACIONES,"ESTABLECIMIENTOS FINANCIEROS, SEGUROS, BIENES INMUEBLES Y SERVICIOS A LAS EMPRESAS",SERVICIOS DE LA ADMINISTRACIÓN PÚBLICA,OTROS SERVICIOS,SERVICIOS BANCARIOS IMPUTADOS,PIB A PRECIOS BÁSICOS,"DERECHOS DE IMPORTACIÓN, IVA, IT Y OTROS IMPUESTOS INDIRECTOS",PIB A PRECIOS DE MERCADO
1990-01-01,1990,1,551365.2338472803,156457.20687591386,227315.00027580114,618483.775939135,62175.17267318823,86951.67453310915,317157.79511424777,335279.0972109695,381135.8461257457,313059.064209855,290379.1766316286,-48802.007241263665,3290957.0361956106,296638.2406729795,3587595.27686859
1990-04-01,1990,2,734054.621428038,156593.2669614198,223864.21662033268,631085.4257000064,62357.98307134019,120687.11779142891,333585.8689571928,342869.08424692956,394907.99688488676,398611.4849093463,290465.514403154,-69406.00434475824,3619676.576629318,306391.8044558547,3926068.3810851723
1990-07-01,1990,3,540919.7255348752,180387.47552712556,234626.75536062766,714459.069839202,60337.537625900506,124908.22096377837,358284.4807102014,373964.97133138287,388411.01657073083,368828.6702153654,296378.07829054736,-52081.99855174726,3589424.0034179897,344708.60740098316,3934132.610818973
1990-10-01,1990,4,544737.6242288894,170403.8983505796,232264.83362709408,655594.9336962118,63546.10300368065,141475.22197619392,361912.1450159316,386980.421287017,404909.99436633266,472159.78066543344,312134.21897905576,-82757.98986223087,3663361.1853341884,331979.0068018475,3995340.1921360358
1991-01-01,1991,1,609757.0238495606,163474.10958167285,224502.48410340014,613668.5686441031,64581.30155063192,107709.64075942093,328455.62982538727,329438.52398692456,381183.1512376805,278835.5054998093,310619.19435795775,-56318.978276208996,3355906.15512034,321899.6375029053,3677805.7926232456
1991-04-01,1991,2,822481.3459895927,166355.90398594143,239318.00162900184,668242.8871905255,65544.64684014281,117347.06734961834,369892.6919479187,374034.63867135346,418597.5077701867,418092.56914158486,307134.1965033117,-80848.98233131664,3886192.4746878617,331791.8706628208,4217984.345350683
1991-07-01,1991,3,579115.9758019235,172098.3916638887,250176.1525433478,748524.7697077475,68547.44404278485,130347.85533421203,374979.0965348717,410467.39203484193,394698.32315247157,399102.1940429354,313023.16196846263,-45864.00202755385,3795216.7547999336,354358.1430322838,4149574.8978322176
1991-10-01,1991,4,593508.3668398556,166798.45190434117,234652.52338281844,715451.4536836304,67205.77003563907,146916.92959944878,387746.59687695414,419395.6187232806,431111.6782876502,469431.14092367067,313942.18165004766,-96792.03736492056,3849368.6745424164,361718.9410064577,4211087.615548874
1992-01-01,1992,1,577128.9746079053,154177.33122919686,213913.53517526257,662162.1582591252,66150.58815788418,108504.6281868223,341020.4518121481,370350.1536199127,412667.5492621443,308704.4689370642,321551.81056112313,-76713.08834341675,3459618.5614651716,336137.30168941565,3795755.8631545873
1992-04-01,1992,2,780416.2727948476,172081.52202998358,248527.90807463578,704685.7658149472,68471.5906891528,127366.37346612301,385224.1901526505,392452.9197549625,427591.29396583966,406968.4026215891,323147.8771347704,-75443.11339744861,3961491.0031020534,338212.28955340333,4299703.292655457
1992-07-01,1992,3,559019.1712643537,177146.243235122,246285.31025949676,713705.225864232,73321.9558238805,154721.5709359704,365408.4261480296,418030.14019375213,430105.96419580525,405839.84315352107,330511.80956692836,-78307.11252701588,3795788.548114076,368313.1016275325,4164101.649741608
1992-10-01,1992,4,577979.3673266945,171560.11453321748,255229.2494014489,667478.0588219592,70292.89878195284,167961.75341920223,380038.97709873045,423433.9037133859,458931.8591815778,507592.28528782603,330431.34029334655,-102816.08573211869,3908113.7221272234,356440.6232713159,4264554.34539854
1993-01-01,1993,1,617040.6148363709,153928.61144557942,221634.72773514237,645932.7979660367,83339.67246447655,134838.12781983448,339244.2932744613,377166.30410340906,432011.5284870141,355710.68557490123,338572.79244331346,-78648.033012757,3620772.123137783,329952.31686022924,3950724.439998012
1993-04-01,1993,2,825932.3159451628,174227.13114615655,250660.79182364608,727356.2900681561,77523.3181090697,150103.45564068537,394439.8734724041,417355.7705473431,474539.388783096,447167.4608256723,339901.1045699244,-101121.99871990952,4178084.9022114067,375539.9659900278,4553624.868201435
1993-07-01,1993,3,569056.8196903731,181549.78441315997,286580.76331325824,774740.2690419179,82140.36924430495,141676.98828533333,378732.8742439624,439936.2002534542,463191.7228814465,380401.79367202154,342685.18983315397,-100897.98285357628,3939794.7920188103,361750.705311299,4301545.49733011
1993-10-01,1993,4,585876.6186539584,181332.54644177668,284923.9672563937,712123.9296826272,78467.98461258419,164055.52037545873,402011.96864896215,440345.464617186,475860.92170105537,494787.5745994047,336627.3056620896,-106648.98541375723,4049764.816837739,373918.80558118847,4423683.622418928
1994-01-01,1994,1,671750.6899031291,171722.68157446233,270149.20720846194,661752.1455609333,91760.59253737028,113184.36606634066,352817.21396283427,400147.7361042163,459044.88015687116,376471.3176004355,348329.9839079906,-86396.00640045243,3830734.8081825934,351287.83345095883,4182022.6416335525
1994-04-01,1994,2,895307.7369795078,187983.15210285093,248285.78194828884,752901.2221080828,82513.43393975926,133293.83821491312,407422.75521442154,438296.01888178237,488779.3576430814,391863.902015627,338022.6573675821,-98600.01223494957,4266069.844180947,364695.2777238001,4630765.121904748
1994-07-01,1994,3,597007.7900414192,207408.5819202318,263546.27965409006,819956.9861184177,90450.37624871306,177749.22051687245,400176.4101712135,475521.7191505608,482033.3536136174,489267.6743400547,348730.2812762542,-101539.00291724851,4250309.670134197,398340.2301383084,4648649.900272505
1994-10-01,1994,4,607181.5911674366,183186.26338690412,262178.1817211483,780336.1492859672,92933.09612208509,173430.64966092177,417098.4516412378,460764.582084773,527312.61139991,465905.4144968831,351507.97095164383,-136319.97844734942,4185514.9834715617,386776.0826753109,4572291.066146873
1995-01-01,1995,1,675986.7574340361,172387.71138683983,255973.66152102657,748363.3909240839,99622.35634728911,128941.17452508095,378503.5200336059,429242.6511773105,489833.172995158,377520.97620563314,366126.0089304723,-107326.19882525221,4015175.1826552837,386734.24623569445,4401909.428890978
1995-04-01,1995,2,903051.3875877641,194899.5461054186,295238.76251960656,798005.5891461379,87743.8422218927,139865.7483101519,414331.9615730233,467914.48036825255,519249.48082190397,390955.61624258483,348988.5736848512,-118146.92144631245,4442098.067135276,405112.7682972383,4847210.835432515
1995-07-01,1995,3,605259.340820657,209321.9530574201,296765.62187212246,877986.2616731055,97397.5428747296,182198.83981708344,412196.07789421274,500424.4480338128,485861.41243311414,451871.0126333181,360858.0346407378,-97447.92631053012,4382692.6194397835,405702.2467669846,4788394.866206768
1995-10-01,1995,4,625851.1073925316,198593.07309504747,302114.0063445809,795419.7816597483,103901.2860281354,182797.06409879334,417279.5712536683,482287.04754532356,533983.6648970526,545853.3949184646,355085.7063665305,-130744.9534179053,4412420.750181971,427460.61546686623,4839881.365648838
1996-01-01,1996,1,735647.7254005731,189548.26726060474,261365.68388341958,760965.6446189767,100681.452254786,141920.58437569486,388185.22985645593,450772.6290309169,514658.48123824014,367856.5883668031,373744.0509677136,-114062.00276843792,4171284.3344857465,390609.14463867317,4561893.479124419
1996-04-01,1996,2,963544.0933268314,201766.32758303848,285470.3019252365,843725.53897273,92089.1492594772,162616.53245917498,441416.79443362297,479337.9670199471,541752.8836442089,443355.61684349395,364222.0148248324,-106102.03383642413,4713195.18645617,409618.3222561601,5122813.50871233
1996-07-01,1996,3,648813.4675345528,210910.26891646578,266375.12741633505,924887.945738673,100111.84047923086,186035.0770156369,439359.695614102,536005.9210963522,541724.4006531275,462905.26871782576,381303.39807879325,-134980.0466218639,4563452.364639231,426441.7327801702,4989894.097419402
1996-10-01,1996,4,650543.6614113062,190379.05964968994,281419.429829546,846820.20678181,108821.98753202344,200381.4356812192,440960.0914966551,542598.077907715,603752.9041255049,519336.1787031808,375770.52468447987,-188880.04112475726,4571903.516678372,454199.3972748909,5026102.913953263
1997-01-01,1997,1,784114.8042240206,177222.65499653618,257278.03345607023,816066.7038199663,103593.7147095277,141803.29671114907,412987.246810627,479590.03314535116,576740.8569332168,389835.75294317066,385411.4032335987,-160713.26734510422,4363931.23363813,417291.8835915304,4781223.117229661
1997-04-01,1997,2,1013465.8872059475,230090.30154529435,282200.5822724236,855042.8074896451,95152.19419426718,183693.70572580636,467923.27467461507,533162.4372214482,613497.9012347426,469459.68315185833,385435.89125206775,-150222.2508952015,4978902.415072914,435962.34547393554,5414864.76054685
1997-07-01,1997,3,669847.8355420285,249797.67410473645,272202.40362880065,915808.3560451021,103898.82686791735,195622.78815625794,450037.1136819206,587879.7832390775,623368.4123805088,471340.06218769756,399759.7061223479,-204838.2417750485,4734724.720181348,451214.86249076924,5185939.582672117
1997-10-01,1997,4,667697.2352973698,247483.1075325779,285390.635826509,857699.3348245475,117970.55882526613,204347.35322394173,463360.0592787533,593818.8078835071,666117.310907664,546910.1273056408,381679.4066059614,-211628.23998464594,4820845.697527094,473844.84772511135,5294690.545252205
1998-01-01,1998,1,727870.7354542931,236688.36447360556,268991.0701533921,862409.0511211352,93177.12592871202,215843.04502333442,423817.3106121868,565384.7540534221,647643.4168184666,412970.33436989586,384180.42401573254,-203567.87126992253,4635407.760754253,468665.2794444126,5104073.040198665
1998-04-01,1998,2,991679.2334774997,247263.04914423192,277112.30784312915,885524.2231504243,109074.65448699894,227160.9848532641,489316.18649614026,578681.2684517633,708475.6742619753,463719.76464501675,410640.17233371676,-199404.5741006694,5189242.94504349,492966.49383920187,5682209.438882692
1998-07-01,1998,3,644876.267487312,291034.3562636942,289028.0159000734,928937.0727959445,102866.8884269112,261974.2898354411,451795.1032501491,606111.1403780468,724715.6615744883,496803.83962963684,400936.17924190674,-269561.99137162056,4929516.823411983,499332.2148676909,5428849.038279674
1998-10-01,1998,4,631839.1136089418,246129.49000533146,256785.54767448458,853342.7925702618,126086.08456897472,279741.38295124215,457859.6437267521,598883.5274288728,709899.4553278575,574348.3902306685,405083.04107649805,-147309.56325778743,4992688.9059120985,508803.0580614336,5501491.963973532
1999-01-01,1999,1,750979.7511573774,235188.92487641628,241811.4498309823,890293.4301515089,97278.09991669074,159883.52230280364,425347.3317377957,553969.6622346097,776901.8379812886,428848.31314542616,406453.95368167927,-271494.4240513046,4695461.852965275,446502.78365998494,5141964.63662526
1999-04-01,1999,2,1008166.2722731044,227138.8094507029,244306.93298315117,922703.2202392904,113764.68368254567,191209.38992587212,489801.3971998501,576143.1418681358,759087.3756501589,465183.5693489182,415011.14904754964,-206670.3001175634,5205845.641551716,425680.16369479103,5631525.805246508
1999-07-01,1999,3,637519.5013368484,272567.1367315596,270296.8117763505,940298.647077288,106172.381679927,218293.6205534355,438819.81289985066,611113.6307858475,834802.3395686032,513160.41621458315,420046.0242317317,-304881.85745442234,4958208.465401604,427647.02480637684,5385855.49020798
1999-10-01,1999,4,674719.2849882981,242626.99721953255,282714.35105466365,880193.5705093524,134376.53526926556,249600.29248007323,466064.93069224164,589541.4227377941,790705.437006418,584076.8616961493,419181.247866222,-128045.41837670979,5185755.5131433,464227.12321690243,5649982.636360203
2000-01-01,2000,1,769435.3375538313,230935.27216221517,255392.16350088603,892903.0232295146,100885.50908595651,165640.98249786752,438167.720861286,563317.0891680846,743844.0204196145,463522.67237429693,425104.5846466161,-233077.74231700663,4816070.633183163,433447.57385185215,5249518.207035014
2000-04-01,2000,2,1049707.20742255,235792.6746494853,258709.03569813477,940129.2005721248,117926.47992223446,186867.27298191344,510161.0082793613,587800.1356527138,866895.5059401114,503233.12527145405,429549.4723053969,-228796.32143419338,5457974.797261287,446026.24563478347,5904001.0428960705
2000-07-01,2000,3,654999.7258463197,311855.0272952301,271686.0464600374,935180.9130013457,107449.16235203015,194598.57396273076,451538.17701536394,619742.9090088555,758333.2827084903,488747.19340378337,432203.3307877877,-227876.98770620007,4998457.354135775,442333.9802763388,5440791.334412114
2000-10-01,2000,4,703984.8323717813,312790.0931366176,268850.5977911532,930318.5927567479,133458.00999011777,237750.18113871603,491334.3311409284,614114.2862589739,771419.9794022979,568498.9401373332,431386.7505177371,-204321.36654260007,5259585.228099805,502369.49427290703,5761954.722372713
2001-01-01,2001,1,786673.3581646173,228012.87232730328,235259.5619404029,876098.0661019983,100037.82248904362,166858.56457089132,432527.3796658611,582361.2446578278,734752.93520099,465031.56461110857,436143.87824404694,-226953.0234391827,4816804.224534909,432324.7110500297,5249128.935584939
2001-04-01,2001,2,1083601.848138549,233922.18864123838,258656.7036865969,987262.1083162512,117694.44322601579,171840.2219160059,500330.2647037161,582979.1229016036,868576.843914821,489146.21769199765,435875.3301915048,-222644.03014824126,5507241.263180059,450061.65349519503,5957302.916675255
2001-07-01,2001,3,687286.0912677068,291926.00997059606,262337.8941722239,980381.6787977818,108283.11540009822,184557.3323126088,465962.9634103964,657095.3934629231,757897.1377320464,513911.25127560523,444825.5292500924,-223562.03008944303,5130902.366962638,450871.1386193163,5581773.5055819545
2001-10-01,2001,4,730557.0007213796,336974.02230403956,265986.73903954227,954180.3466581445,136780.18786989964,206766.98816178614,503525.24006144237,634578.3933936283,785029.6074205295,606919.2575327039,447490.5649317842,-204146.02326278784,5404642.324832091,539852.2033445857,5944494.5281766765
2002-01-01,2002,1,791597.4707391124,256096.28500051022,248749.63082802217,863348.2688313961,101520.4326389751,148799.4726881452,433001.41938395344,592109.4201621019,727484.6255271555,456995.61200924043,446088.0827370201,-217195.58568827584,4848595.134857357,473091.3450618513,5321686.479919208
2002-04-01,2002,2,1101947.259033323,264953.75743608683,258297.1325783028,995439.5357730944,122428.58402161374,216816.44496006015,527745.6398350783,628950.8692583364,851586.2717368408,494228.19323079375,451062.1649887016,-224923.0003631606,5688532.852489071,498813.1532129601,6187346.005702031
2002-07-01,2002,3,682322.208756979,306438.1528184137,258409.8465792166,990059.8733484877,111327.93068312715,241166.92164790406,473598.8048643867,694924.6044799505,741061.1050396075,553772.5923849762,453573.6749677548,-207440.9953474425,5299214.720223362,491316.2790407813,5790530.999264143
2002-10-01,2002,4,726959.3552135464,314809.9519443001,257715.61087979033,958593.1076703605,137841.78494181897,241318.53647346993,508919.4600603592,647323.5882109021,727279.87483976,635789.2210339706,453380.0906361509,-180477.994621121,5429452.587283309,568720.0311063869,5998172.618389696
2003-01-01,2003,1,873900.5160455281,258230.83527834486,252667.02267424163,902438.7678738039,105064.72105880942,127494.20535359286,445745.88762244023,605290.7490560439,703327.0183772896,477993.945098981,452980.7112504211,-186978.77416784348,5018155.605521653,480084.7966099765,5498240.402131629
2003-04-01,2003,2,1215189.5812947545,286148.7586632213,267629.70142312883,1033166.2023346626,125398.0947337355,169578.9629654014,532029.1783656764,655192.0398779947,821372.6694772938,513330.2458108195,455015.4601335707,-189418.94469055958,5884631.950389701,503357.9204947016,6387989.870884403
2003-07-01,2003,3,734522.370701866,323901.1855128806,263792.9691670925,1001751.4351445052,114629.12435903627,168374.66944580863,487841.0053540037,730112.6298694441,706223.192502823,569240.6408750926,458555.6848188121,-201830.98439907705,5357113.923352286,485661.30409636855,5842775.227448654
2003-10-01,2003,4,766984.1611411669,375291.8360112445,245045.67627025017,1015007.8924430505,141886.91200704014,181923.87231348734,525526.1321197408,671895.8999170563,714956.2639278315,653863.9940869474,457820.1201895118,-171133.043820592,5579069.716606736,621341.6851604852,6200411.401767221
2004-01-01,2004,1,875205.2822186416,318446.7263646367,233564.19571853956,956421.496396165,107066.41164918678,125215.41516292401,478373.9385248275,626038.7741652853,683785.1494645642,516036.9760101926,464374.28468727355,-177766.31178458262,5206762.338577654,532641.3664158406,5739403.704993495
2004-04-01,2004,2,1195481.0290518277,354226.4335174766,227486.4269850703,1076690.8137717738,129210.23162581558,171500.6563167187,559695.1379675191,683920.6153680604,810328.9540457691,546237.9069537167,468790.11502788815,-169175.7204721518,6054392.600159484,566545.3637923041,6620937.963951788
2004-07-01,2004,3,752343.8365823979,440093.02715358266,236196.37138691,1103626.6126447541,118380.90490160097,175204.1926401173,507847.49613229744,760632.1089518154,699580.9978714476,587395.0445938195,471186.3892646198,-193017.00132871605,5659469.980794647,542815.4005038559,6202285.381298503
2004-10-01,2004,4,776465.1951676799,431702.3765051825,245138.17533642403,1036190.7786518286,147361.71191391876,189555.20256613262,523112.5724812445,699311.4908525987,709397.6867420588,640043.0724422713,469988.7658174092,-159843.376998995,5708423.651477753,657011.4938694002,6365435.145347154
2005-01-01,2005,1,916995.9858899725,391301.0546140455,233358.6189158262,976988.1581807855,109463.54383214019,134684.3714398246,491637.15476938104,644087.173572832,674836.7451116256,529246.2155067157,473553.6104939313,-174533.72402974992,5401618.90829733,593178.7251051188,5994797.633402449
2005-04-01,2005,2,1260823.8325231564,420211.7780474408,239985.31719632974,1107992.8383660365,132617.22333595649,168147.64707497248,582314.9955294185,699167.3011373413,818586.9965988355,564174.2188394904,470743.686113959,-186193.63616264824,6278572.198600289,605573.9246072697,6884146.123207559
2005-07-01,2005,3,788955.1246157606,478088.2720748616,270800.01067042974,1108219.8255402118,121964.36752775795,192730.93055026457,523475.4939189154,785761.6894504866,706502.8657978505,607249.3408675988,476467.1997136459,-205451.60074276064,5854763.519985022,583596.7056885415,6438360.225673564
2005-10-01,2005,4,812077.1879570032,480198.0371608097,298410.7603353581,1105094.1828398025,151612.30966552597,207940.43563144447,535207.3355749522,721920.0124559748,713455.1328014967,672123.2247861958,478071.60511373903,-176975.15700180896,5999135.067320493,713800.7390678908,6712935.806388384
2006-01-01,2006,1,937624.7304910735,441000.23492390546,288446.99234151567,1017962.0559597425,110365.15731264277,110124.58820818826,511442.1841675566,665980.4472974192,722013.9722851124,548502.7709104322,483275.7802869889,-207522.92671704417,5629215.987467534,630184.3840942901,6259400.371561824
2006-04-01,2006,2,1292137.1169728527,421295.4078040054,277633.18734516815,1157572.5767808133,137997.58009971853,165976.8017174609,639667.1698266711,705142.9199253382,867189.8066247039,584242.9481600986,486847.54375985084,-222830.97600818242,6512872.0830085,637416.8282525864,7150288.911261086
2006-07-01,2006,3,843408.7113049681,513215.3829179604,287925.9666949089,1212939.3157279473,126681.37819292443,215520.63081150615,553609.961839602,803504.700192513,755712.3802460309,629171.3983248337,487684.31149864866,-248408.015793491,6180966.121958352,626930.9122443331,6807897.034202685
2006-10-01,2006,4,866640.8560874177,475743.2807657696,258036.93059073715,1257660.5426011418,161411.07259226005,269914.2392903236,509959.37210634747,787976.1208989416,725568.106649091,697482.8826046359,485867.198103381,-185183.2683729695,6311077.333917078,750249.015069529,7061326.348986607
2007-01-01,2007,1,925396.3277620901,433071.28245492256,266315.0749752069,1042058.9701595755,114868.18956195266,115246.9018390375,530246.3078300187,708032.7524710305,768743.6120946206,580507.5253658587,494651.8250621686,-224030.19973506298,5755108.569841419,662193.8526968792,6417302.422538298
2007-04-01,2007,2,1269889.8121023062,461186.94520954037,280466.5582540395,1238620.3570513397,143887.89700203444,180333.79677640245,668780.2823682888,735644.8524830531,908662.9999708002,611038.6505077382,499542.8099831798,-240814.41955083207,6757240.542157889,685453.6307124861,7442694.172870375
2007-07-01,2007,3,866966.144939994,525755.1191087293,306466.87436054635,1301718.5652341228,131524.0151709323,248829.602697644,589995.7795213271,839360.7067500164,805363.5278375361,650462.3559984161,504240.2690995067,-271186.97877060017,6499495.981948171,672131.8609155602,7171627.842863731
2007-10-01,2007,4,857632.1283065303,528262.4938697693,369735.93818526895,1346713.2536150014,169307.92183905223,326388.0768414302,549409.2070217915,783303.4102837602,780081.8154619337,717280.4681279872,499451.1114660612,-225521.17705656306,6702044.6479620235,790358.0365617775,7492402.684523801
2008-01-01,2008,1,952803.1025433968,481838.5923667958,405489.9901406369,1094596.6535644436,121632.61388837501,124475.98569014983,554098.6142821029,717707.6406203763,820949.6424536112,603869.8246790724,504915.3108888367,-258379.96377847393,6123998.007339323,713879.8416293352,6837877.848968659
2008-04-01,2008,2,1306809.74544396,473112.57215491764,475254.4887724251,1292153.0625115286,148694.68634317728,195337.77305847532,700124.2314031611,764431.0948190719,957551.7965361949,660253.3415448725,511055.84387065284,-267061.41017520067,7217717.226283236,737456.2692240902,7955173.495507327
2008-07-01,2008,3,888929.053834814,517047.1972283309,541165.0808530824,1366733.0822136777,136061.00505016127,271620.00865792314,625129.800321404,881778.7434357296,833231.2225875591,685482.7610641959,515405.012596485,-285889.5684243521,6976693.399419011,701525.9060361884,7678219.3054551985
2008-10-01,2008,4,873846.667070577,516036.26543976617,489111.858007024,1356040.846178714,173213.07886975017,359482.7125760865,570541.3642435591,825634.2033631855,803648.0042880644,707583.7547681874,513081.1006496434,-232903.67089966836,6955316.18455489,851239.4713270406,7806555.65588193
2009-01-01,2009,1,990511.8578149272,388155.4471773189,487222.0153817034,1117618.673597192,126883.30931088107,133537.3623950287,572658.1271032791,748271.4768507255,855126.9121699329,633313.6029524298,518209.8724212228,-272245.54539684945,6299263.111777793,740246.8824847452,7039509.994262538
2009-04-01,2009,2,1364268.1359688395,443738.03084109095,524993.5244586795,1356456.5926518762,158013.38891496792,210823.8923265283,729604.6305648788,805101.1970815972,987204.6683580719,702476.6110438509,525543.0118619971,-274699.3416997669,7533524.342372611,596642.2900175038,8130166.632390115
2009-07-01,2009,3,924861.4597230336,464661.59760909324,567839.9606917313,1450387.8172065353,144520.5926928182,300769.3747767499,659843.8449058309,945720.1344446948,872797.5703791844,727799.5313121415,530987.3589280577,-310403.6280709837,7279785.614598886,676976.2011023373,7956761.815701224
2009-10-01,2009,4,890849.0397862024,423479.34462549625,520105.38710212393,1430860.8744123694,185590.37856315952,408678.78991137387,607919.3362898438,868446.6224879402,841854.9714525631,765877.0107292524,532731.7053215372,-240218.25558669955,7236175.205095163,931639.1148558175,8167814.31995098
2010-01-01,2010,1,984889.7049982275,418857.40331362427,493784.949715998,1168979.839498436,134154.96142083142,145751.0621561667,598443.0008577061,787449.4930438075,900297.3210266423,683586.7449920067,533984.3768608099,-279666.61947812326,6570512.238406132,695715.1401024866,7266227.378508618
2010-04-01,2010,2,1347840.655909174,463580.77810933196,527027.9711222138,1413594.5098444917,170092.07151482935,233698.99714515495,758646.3522645014,887506.2127394641,1038456.4710179974,701341.4626924148,543389.0769530046,-291443.61864680954,7793730.940665768,643909.4331671684,8437640.373832937
2010-07-01,2010,3,906033.1276115938,542994.3019659088,506991.62324117543,1472970.745758066,153113.86629162374,320807.70596968936,685880.7521110133,998831.5057278231,916280.3162092222,761771.585367805,549946.6900838634,-335259.19858693314,7480363.021750851,771631.6348081965,8251994.656559047
2010-10-01,2010,4,882595.3315915175,534524.9471131016,486810.28353411134,1438445.4562385646,202769.60981856263,432144.1839010599,628908.2507363764,962782.915533094,901942.179032522,785772.765833386,551026.9764646298,-266912.7143068943,7540810.185490032,1089007.2153121554,8629817.400802188
2011-01-01,2011,1,1025071.6879371178,480469.3688690149,499705.3398022329,1228504.4989001944,145412.22515225847,157694.60745096806,624677.8759711666,847128.8653278896,930878.6003204131,708479.8408889293,548827.9451644134,-292619.2033406085,6904231.652443989,811042.9744822369,7715274.626926227
2011-04-01,2011,2,1380609.290996275,477373.90647184436,521879.61128546624,1461771.932379326,179718.2664182798,248268.9566252865,777723.8439176709,935320.3858680467,1081239.2204666107,761375.323397035,559611.78727604,-309379.2246894554,8075513.300412425,721467.2973777762,8796980.5977902
2011-07-01,2011,3,921888.2520838891,574664.1143162911,569413.5014097358,1515705.163114977,165631.38269148013,344383.1401926774,708357.6912030638,1052168.298518571,946057.6136475261,792206.4595193786,565214.402387696,-358091.6527546851,7797598.366330601,885448.9571670151,8683047.323497616
2011-10-01,2011,4,919733.0700731098,567130.3526036127,491369.9659442924,1489914.0189390795,217712.55740026958,472379.6964813011,657203.6777789274,1023344.7072429284,931335.2425871517,850417.2996079872,565256.2879171821,-281694.4644664735,7904102.4121093685,1182063.705914326,9086166.118023694
2012-01-01,2012,1,1064888.037545664,518681.9195327984,458389.9383721739,1292680.057316461,155394.53835649343,176014.56101615028,647269.5193402256,887404.8954725987,1013246.644304619,752544.7925757399,567393.3718244291,-352839.9719674399,7181068.303689915,920728.3952947425,8101796.698984657
2012-04-01,2012,2,1432379.3635405847,546711.1718573878,479386.447461429,1545803.3333153457,193070.05504398872,271662.3971934051,803814.8355614617,947713.7627278175,1182841.5552699072,795380.5307635998,578844.7627675413,-387499.9152576412,8390108.300244827,792904.9113693314,9183013.211614158
2012-07-01,2012,3,961896.0842855782,627514.6007942113,542347.0247903966,1582099.2705502706,173968.9447593566,374648.00367213273,737968.0452818243,1063842.336980334,1045793.5580477661,849270.596959257,586461.3333975819,-446359.4341562596,8099450.3653624505,982394.6055761713,9081844.970938621
2012-10-01,2012,4,964378.0077144094,715154.4984478876,498721.91655694915,1545602.6781461039,227289.3505112008,498497.2163071848,683429.2261675287,1063399.6645666882,1034173.733182727,897620.4001809183,583277.6806866736,-353730.1809567349,8357814.191511537,1312990.9553401053,9670805.146851642
2013-01-01,2013,1,1098520.7181760413,640837.5563908184,470582.3251544618,1348895.211017284,164422.9677934299,187775.37747567875,665267.4071983327,940737.8180058454,1093787.4713985007,820538.9241943527,583780.7948747871,-402141.0407356172,7613005.530943915,1043903.3035798399,8656908.834523756
2013-04-01,2013,2,1487684.3050008337,640830.459403042,508832.2001392775,1649728.2687328288,202327.60590219422,291401.1333239245,838910.0127655256,1022501.326162273,1275855.9411520695,870357.3571644169,596591.4476823687,-451357.7231189132,8933662.334309844,899822.7758519659,9833485.110161811
2013-07-01,2013,3,1018393.6779276957,728794.0019099249,535843.1890649963,1672456.7463466153,183201.78500171762,414041.02370474814,768678.7213008432,1138965.1129547304,1098919.0919366106,944265.9009072059,605250.3310469721,-485169.9444654632,8623639.637636596,1120522.5828410925,9744162.220477689
2013-10-01,2013,4,1026191.1129271805,733983.3900568018,520707.68611401634,1658162.459012528,238134.91978366917,568187.883598094,712416.7980096284,1125104.5285101607,1099358.3441638185,973895.2208033901,604996.0601626188,-381409.43983569863,8879728.963306207,1372284.7345067216,10252013.69781293
2014-01-01,2014,1,1132787.88225226,693919.2035409857,498958.6801936722,1413778.5733316315,173382.55549748556,199219.72551622288,692964.6394970373,984515.2619817982,1186929.7877817606,882022.5211970248,609364.2926607202,-454538.9391681866,8013304.184282413,1155254.17708924,9168558.361371653
2014-04-01,2014,2,1515674.0289019588,698180.7396815576,530192.3412736941,1699013.1793122168,212425.5430466897,315067.7607242494,868384.9370982366,1074345.3350015075,1345202.8505468848,923019.4223239732,618473.397279452,-476783.9173025944,9323195.617887828,981889.1308857726,10305084.7487736
2014-07-01,2014,3,1085116.3086733215,765379.4067216183,587785.5766306715,1739418.0001385761,196526.97206420454,455285.3499405513,798244.9961287042,1196987.416567798,1169060.1191416054,1007019.046591662,629411.0435689207,-517078.4234885606,9113155.812679073,1218157.665314118,10331313.47799319
2014-10-01,2014,4,1074110.4899156555,744343.2750049601,541378.2216317317,1732237.4517452077,256248.2036231967,605947.016377134,741201.4994494665,1183583.060717594,1139463.8220480515,1046502.2883517424,629235.2776654598,-393410.97776695335,9300839.628763247,1482359.609370597,10783199.238133844
2015-01-01,2015,1,1191366.898280939,687768.4346453217,497828.5711448593,1479260.988559813,184798.3391575258,219305.3348818738,720935.86140114,1032107.7638635479,1232364.722686591,954178.1807299531,632222.532727045,-469137.42928196944,8363000.19879664,1246050.3108281977,9609050.509624839
2015-04-01,2015,2,1586605.4959331737,686246.5661483596,561349.9881730386,1785063.8047223506,230450.19907761627,333431.19659750105,907204.1044013458,1137852.99715883,1426244.4763443358,1005301.9368932723,640634.4600374885,-511168.67892023356,9789216.54656708,1057121.9046924077,10846338.451259488
2015-07-01,2015,3,1135477.4393251007,744965.2086448135,539672.5428068462,1792997.590738897,207465.7810234126,466986.69609452086,833239.8845966014,1258173.989692486,1247362.5183348018,1112088.2544715328,656995.2392123981,-565497.9781497921,9429927.166791618,1307475.000987206,10737402.167778824
2015-10-01,2015,4,1140204.742352148,743099.8722248247,529190.9679938289,1828468.3587549445,268522.1912600802,640317.3413100151,774442.7012243876,1245369.382462529,1228067.6671559499,1148600.64294268,655469.4236842761,-439438.51375033637,9762314.777615327,1604492.6426885785,11366807.420303905
2016-01-01,2016,1,1225369.5232772317,672174.7952830498,550365.6646451995,1576909.563462461,198769.63613110647,234427.18473008927,755439.4183200484,1089874.13598983,1326608.1835212628,1034810.5790918949,660857.5828610741,-528389.8774995208,8797216.389813727,1326224.9931787585,10123441.382992486
2016-04-01,2016,2,1605389.8282760603,646199.0296079429,568627.2251795075,1869363.5009440694,241498.975861434,370792.213599253,936574.6889106592,1194251.6806171157,1528913.818773977,1046801.5259594559,664257.8838542767,-576869.623981786,10095800.747601967,1101281.7304295662,11197082.478031533
2016-07-01,2016,3,1173288.2533099926,722143.203327457,577056.7713056194,1947792.2051226986,219759.51706359326,521470.75463521446,877696.8504962127,1339496.8215083156,1345830.951693522,1147868.1477942327,683528.6934553352,-625417.2095823821,9930514.96012981,1337518.0115746334,11268032.971704444
2016-10-01,2016,4,1207960.9033266036,696474.3835278088,532379.727448677,1917600.027741442,278245.6731718633,663434.443093967,809454.9917477918,1314840.3719433437,1335799.785676869,1173314.8549651457,688082.1312499153,-499918.44297663966,10117668.850916786,1668080.456213805,11785749.30713059
2017-01-01,2017,1,1331175.616382339,577570.5461593,541480.3380903683,1615373.6177179236,207051.85724317242,251291.85184798855,794793.3845734241,1148910.8733840433,1383605.7818514295,1084798.627541401,690264.5860046457,-545096.6128237282,9081220.467972308,1380560.647947781,10461781.11592009
2017-04-01,2017,2,1715470.9805882042,646935.7564889793,553967.4300452879,1923365.8845480701,249771.44425970095,368099.477839704,980810.5284285352,1262871.688835817,1598135.5436381488,1102206.0875347736,692959.1880716899,-616163.7215085082,10478430.288770404,1142756.8395714425,11621187.128341846
2017-07-01,2017,3,1265682.2057487578,731408.6092644113,583969.0695206025,2022894.8758215455,226691.12361026782,567980.4825260042,919090.1506127495,1406042.9327516996,1407090.6114961412,1199859.8367561721,712539.8552906708,-671554.5022435585,10371695.251155462,1378603.7870876272,11750299.038243089
2017-10-01,2017,4,1295719.35908964,715696.8288866329,584331.3506588081,1990362.8703039715,292699.1418847939,692054.3513203049,856477.1709703013,1377916.0254564337,1414662.2363801019,1225804.0350503735,721228.9178160887,-531629.3080907996,10635322.97972665,1767309.5648618294,12402632.54458848
2018-01-01,2018,1,1422575.3723632596,612314.0324558845,538525.6096555562,1681759.7353041116,213021.24101260584,266071.9884705852,830073.6960829471,1205391.114257797,1472298.1431915457,1156794.5537176286,718441.2233963951,-590800.0919186212,9526466.617989693,1450892.2548783617,10977358.872868054
2018-04-01,2018,2,1867810.315777489,624548.0358985089,592882.0917627364,1997651.3036226819,258718.2437248524,388962.48261638253,1035182.6491795258,1310782.5321311946,1685557.729798643,1175494.4056295203,723682.5036962113,-658077.831248888,11003194.462588856,1181435.4827925316,12184629.945381388
2018-07-01,2018,3,1337354.192928038,681941.4763192537,599341.8800030262,2150890.1133850873,233303.72620908925,569789.4511553571,965775.4233995257,1464966.9646155103,1468927.3520666142,1281587.5140916607,744544.0857780639,-700795.3674377833,10797626.81251344,1420583.0022467545,12218209.814760195
2018-10-01,2018,4,1367905.6266262848,543805.3697300937,575294.230473516,2138278.033150362,304152.68618559075,721086.8737341866,903183.2295260846,1442839.6519659508,1484099.5269775924,1311706.6887089745,755836.9503366202,-555520.3008573791,10992668.566557877,1815862.9632327757,12808531.529790653
2019-01-01,2019,1,1494187.218371516,491233.9594433812,570768.1641751532,1758701.0628100368,220753.4598175014,274967.4716439642,879983.6773570366,1252596.9572809166,1540737.5060949768,1212520.6437356141,755333.7875080386,-615990.982937981,9835792.925300155,1480424.8947925451,11316217.8200927
2019-04-01,2019,2,1975604.1966042474,496833.4226786328,600784.2897703329,2064864.6477681044,269515.4832647034,403172.00951567315,1082935.4567629164,1357999.84815394,1778027.6347521874,1227694.6683609097,756582.8136844429,-699633.6376267569,11314380.833689332,1192202.4264587192,12506583.260148052
2019-07-01,2019,3,1423849.361482957,586943.7496433519,551098.290294303,2248802.2992352056,241038.37718587436,589876.4402968903,1001805.5180164016,1499960.1856378159,1554095.9990175834,1335070.8861404671,781124.3307203918,-752413.6499780393,11061251.787693202,1428874.246091867,12490126.03378507
2019-10-01,2019,4,1419752.7734460826,633607.5407856009,536396.4549140271,2150709.566184196,306449.8505873693,715139.2408707459,901371.9127543842,1401691.124823973,1507238.09477637,1353702.4841079859,769510.1353842638,-557297.4153941616,11138271.763240837,1805733.651158105,12944005.414398942
2020-01-01,2020,1,1534137.415536798,496676.2637640344,496406.5246567236,1782336.8418506088,229028.23689402215,266237.4128025272,883001.8991154558,1227670.5087862792,1564851.306538473,1273439.1008042614,758980.2485208093,-617201.622214087,9895564.13705591,1443668.6679761482,11339232.805032058
2020-04-01,2020,2,2026749.9008857394,403616.576650662,215206.88152096284,1475031.4864111869,220102.9476652107,190435.2017624926,884002.4758376895,710455.6561344559,1535473.4454059415,1217178.5405262958,401185.4883862147,-666366.6162463671,8613071.984940486,799343.9712463033,9412415.95618679
2020-07-01,2020,3,1485629.0115516328,558175.9669368127,380634.2123457015,1998102.8784830377,221686.8932677845,429385.6621468377,916193.4769657842,1118353.9607414976,1497272.226726431,1345138.8498190898,649253.8245846329,-749883.5118506497,9849943.451718593,1283029.3228595536,11132972.774578147
2020-10-01,2020,4,1464397.27793525,605544.6185076614,522310.28824659885,2310531.8714717533,330318.1084868965,719615.9107522008,953257.6037538605,1384195.2390710732,1479502.5378880585,1413722.0426171485,699256.2838072471,-545197.7120217911,11337454.070515959,1730843.0820489568,13068297.152564915
2021-01-01,2021,1,1554740.3583387472,516645.8214350506,509830.9813968182,1764601.3430120638,221830.51170988844,255215.9834889908,887661.678958712,1241478.0728506502,1498790.0805431323,1263860.0847048415,740125.1461628176,-587502.3643511966,9867277.698250517,1402474.8973438474,11269752.595594365
2021-04-01,2021,2,2089288.6401049925,539151.7114690725,580255.6027901836,1817404.276229089,272906.7846212279,374091.1595261177,1070854.4557858424,1196808.132559109,1638350.614535686,1201939.9696119642,470034.52214915445,-643583.124648372,10607502.744734067,981509.3309361879,11589012.075670255
2021-07-01,2021,3,1510972.6300354078,532821.3271739818,591857.2370092091,2037111.6914398838,249096.801438122,532235.40007384,984042.7055742346,1271659.3739681048,1491305.18269129,1333574.3686655138,595661.9264013048,-735433.8241400329,10394904.82033086,1311681.573015557,11706586.393346418
2021-10-01,2021,4,1473557.1948540865,529872.9432610116,541027.5211162169,2242669.9998531695,335761.16537114384,731394.9498425652,947702.913589979,1450685.133930709,1487798.1719250558,1423814.5227884976,767790.8060163604,-546263.889609161,11385811.432939634,1748996.6147862994,13134808.047725933
2022-01-01,2022,1,1673489.5164188675,469503.7398921241,536428.5723874515,1839387.9951917503,241399.14061043732,273257.96256914013,943090.825064124,1358875.6486323806,1573048.6326989303,1300937.3564572611,764803.2552456745,-617172.4384266643,10357050.206741476,1449199.8643501173,11806250.071091594
2022-04-01,2022,2,2211020.8715823004,482744.56116233947,583493.496039053,1863598.4221073105,286944.8360750527,394266.4978471339,1097763.6210020424,1298190.217862296,1696834.0709522357,1237818.1063331591,614244.7918905255,-666494.6403358663,11100424.852517582,1018935.1042137299,12119359.956731312
2022-07-01,2022,3,1535291.4715234938,506995.6111798539,576555.8405099162,2122205.127244536,260140.52459327262,545211.0063190447,1020661.5079621468,1400598.3650090678,1551402.8841356644,1395859.1396291472,664490.2715472388,-761922.0886018886,10817489.661051495,1367962.4518024167,12185452.11285391
2022-10-01,2022,4,1457412.1027083616,481348.3131975304,545989.9738248282,2217496.8500896697,353120.0275554842,752639.3891874903,971883.3896172115,1493721.1159427024,1532618.3770098162,1488648.0359618342,814441.7719715477,-566140.714452439,11543178.632614039,1765833.618721533,13309012.251335572
2023-01-01,2023,1,1695990.6994482959,457599.5271932286,540468.5085488234,1866814.7989900215,252728.03546752268,284781.4343571282,963014.90079905,1406375.3767781123,1635533.5911067594,1336355.5484743994,804922.0020084109,-639721.9000941591,10604862.523077592,1483449.268738745,12088311.791816337
2023-04-01,2023,2,2260597.272853634,440378.7311877422,581101.4830934063,1806409.5195677967,303700.72770829266,407029.3901574634,1119965.1639562673,1317969.7243317445,1761146.2904432523,1284964.1794055542,727334.080298217,-690401.2159773665,11320195.347026004,1044670.5352234968,12364865.8822495
2023-07-01,2023,3,1584267.4927800794,462632.04607924406,577200.765134642,2181267.1212868756,278013.97765471064,561985.3037227741,1045273.7594113405,1434322.8094639448,1618775.8978732347,1435249.2497489017,710832.2001283314,-789365.704750259,11100454.91853382,1400811.314445025,12501266.232978845
2023-10-01,2023,4,1519828.6985864544,449050.7282367889,545969.1940315117,2334301.409078605,383387.07613756694,780548.7993868988,1041730.5325313128,1619637.5831397783,1606794.7936628433,1540480.837816045,904187.1824659326,-586680.2046754827,12139236.630398257,1849503.3693436002,13988739.999741856
2024-01-01,2024,1,1733583.2972111353,393653.5366048402,540821.5411866712,1812629.9162675329,274648.56236605346,302959.9219117586,959203.4627806471,1452874.5328703078,1708615.5858589695,1368524.7948506507,861500.8932411284,-663952.135732969,10745063.909416726,1502003.9795834222,12247067.889000148
2024-04-01,2024,2,2353866.5524378363,395334.59225696465,617605.0079489414,1929683.984626549,320217.6984299489,415379.5164275245,1180937.0927275592,1344563.5930749357,1848336.664874019,1299637.7929068776,773733.3174875791,-716757.2954470888,11762538.517751645,1052035.8691181547,12814574.3868698
2024-07-01,2024,3,1624846.5336662636,396540.4163313197,591662.5466432342,2244679.6387813683,281392.2544073354,567136.923235019,1073784.860620745,1468114.7419869732,1684669.608213963,1423907.6375650675,730987.3719563048,-820522.4313741686,11267200.102033425,1361107.6055570778,12628307.707590504
2024-10-01,2024,4,1463434.01784995,381485.21130210423,600543.1979390071,2216250.849020488,381643.47277164954,803681.6495720397,1013350.8258205203,1595357.3545325133,1665966.4151272555,1466601.9737312407,922541.9473796779,-610979.5908320451,11899877.3242144,1724836.118909508,13624713.443123909
