date,roi,no2_tropos_col_mol_m2,n_valid_days,sd,month_of_year,base_mean,base_sd_pooled,anomaly_mult,z_vs_2019,post_subsidy_break,volcanic_flag
2018-07-01,la_paz_el_alto,2.370286401616604e-05,426,,7,2.7037113330928337e-05,8.323715628520184e-06,-0.12332120200673125,-0.40057222802493453,False,False
2018-08-01,la_paz_el_alto,2.854299096798626e-05,421,,8,3.140955691738529e-05,8.323715628520184e-06,-0.09126413202640171,-0.34438537755628,False,False
2018-09-01,la_paz_el_alto,2.6626658098708455e-05,414,,9,2.3477145364036945e-05,8.323715628520184e-06,0.1341522866530458,0.3783782237682524,False,False
2018-10-01,la_paz_el_alto,1.3035720428101655e-05,427,,10,1.3843298904235513e-05,8.323715628520184e-06,-0.058337140714831315,-0.0970213919090159,False,False
2018-11-01,la_paz_el_alto,1.6000359437468334e-05,425,,11,5.292696018231177e-06,8.323715628520184e-06,2.023101909188366,1.2864042811059846,False,False
2018-12-01,la_paz_el_alto,1.5425253444031064e-05,426,,12,7.1041248617796e-06,8.323715628520184e-06,1.1713094496718912,0.9996891957409193,False,False
2019-01-01,la_paz_el_alto,1.1831437128044168e-05,440,,1,1.1831437128044168e-05,8.323715628520184e-06,0.0,0.0,False,False
2019-02-01,la_paz_el_alto,9.350419956991373e-06,396,,2,9.350419956991373e-06,8.323715628520184e-06,0.0,0.0,False,False
2019-03-01,la_paz_el_alto,9.947073047144532e-06,440,,3,9.947073047144532e-06,8.323715628520184e-06,0.0,0.0,False,False
2019-04-01,la_paz_el_alto,1.3235605810154211e-05,417,,4,1.3235605810154211e-05,8.323715628520184e-06,0.0,0.0,False,False
2019-05-01,la_paz_el_alto,1.8671171588221335e-05,440,,5,1.8671171588221335e-05,8.323715628520184e-06,0.0,0.0,False,False
2019-06-01,la_paz_el_alto,2.1968011333895777e-05,425,,6,2.1968011333895777e-05,8.323715628520184e-06,0.0,0.0,False,False
2019-07-01,la_paz_el_alto,2.7037113330928337e-05,437,,7,2.7037113330928337e-05,8.323715628520184e-06,0.0,0.0,False,False
2019-08-01,la_paz_el_alto,3.140955691738529e-05,440,,8,3.140955691738529e-05,8.323715628520184e-06,0.0,0.0,False,False
2019-09-01,la_paz_el_alto,2.3477145364036945e-05,425,,9,2.3477145364036945e-05,8.323715628520184e-06,0.0,0.0,False,False
2019-10-01,la_paz_el_alto,1.3843298904235513e-05,439,,10,1.3843298904235513e-05,8.323715628520184e-06,0.0,0.0,False,False
2019-11-01,la_paz_el_alto,5.292696018231177e-06,424,,11,5.292696018231177e-06,8.323715628520184e-06,0.0,0.0,False,False
2019-12-01,la_paz_el_alto,7.1041248617796e-06,440,,12,7.1041248617796e-06,8.323715628520184e-06,0.0,0.0,False,False
2020-01-01,la_paz_el_alto,1.2580793542332544e-05,439,,1,1.1831437128044168e-05,8.323715628520184e-06,0.06333604330383236,0.09002667170906212,False,False
2020-02-01,la_paz_el_alto,1.1421399264497054e-05,407,,2,9.350419956991373e-06,8.323715628520184e-06,0.22148516505477334,0.24880466848359475,False,False
2020-03-01,la_paz_el_alto,1.0861591147373507e-05,440,,3,9.947073047144532e-06,8.323715628520184e-06,0.09193841202277109,0.10986897451127378,False,False
2020-04-01,la_paz_el_alto,6.178678157206626e-06,425,,4,1.3235605810154211e-05,8.323715628520184e-06,-0.5331775329493107,-0.8478097964769356,False,False
2020-05-01,la_paz_el_alto,1.0777462394886434e-05,438,,5,1.8671171588221335e-05,8.323715628520184e-06,-0.4227752477147513,-0.9483396052464936,False,False
2020-06-01,la_paz_el_alto,1.7114918359863574e-05,425,,6,2.1968011333895777e-05,8.323715628520184e-06,-0.2209163542511502,-0.5830440623660519,False,False
2020-07-01,la_paz_el_alto,2.586161693192028e-05,439,,7,2.7037113330928337e-05,8.323715628520184e-06,-0.04347714138784864,-0.1412225563041059,False,False
2020-08-01,la_paz_el_alto,2.1191450619466384e-05,437,,8,3.140955691738529e-05,8.323715628520184e-06,-0.325318383980869,-1.2275895470176599,False,False
2020-09-01,la_paz_el_alto,2.495707543537971e-05,425,,9,2.3477145364036945e-05,8.323715628520184e-06,0.06303705362789835,0.17779680822732175,False,False
2020-10-01,la_paz_el_alto,1.184241241656138e-05,440,,10,1.3843298904235513e-05,8.323715628520184e-06,-0.14453827093641236,-0.24038381138566808,False,False
2020-11-01,la_paz_el_alto,9.788726526032905e-06,425,,11,5.292696018231177e-06,8.323715628520184e-06,0.8494783173480467,0.5401470579312722,False,False
2020-12-01,la_paz_el_alto,1.3817391594003938e-05,438,,12,7.1041248617796e-06,8.323715628520184e-06,0.9449815231066543,0.8065228356939728,False,False
2021-01-01,la_paz_el_alto,9.89520906227002e-06,437,,1,1.1831437128044168e-05,8.323715628520184e-06,-0.16365113086597805,-0.23261583554583504,False,False
2021-02-01,la_paz_el_alto,9.28917184393276e-06,397,,2,9.350419956991373e-06,8.323715628520184e-06,-0.006550306118904947,-0.007358265922583048,False,False
2021-03-01,la_paz_el_alto,8.336400955936936e-06,440,,3,9.947073047144532e-06,8.323715628520184e-06,-0.16192422470145285,-0.19350397864252197,False,False
2021-04-01,la_paz_el_alto,1.764046399987902e-05,424,,4,1.3235605810154211e-05,8.323715628520184e-06,0.33280367010820533,0.5291937382666109,False,False
2021-05-01,la_paz_el_alto,1.6597453551247436e-05,437,,5,1.8671171588221335e-05,8.323715628520184e-06,-0.11106523375759125,-0.2491336957582453,False,False
2021-06-01,la_paz_el_alto,1.917233711172164e-05,425,,6,2.1968011333895777e-05,8.323715628520184e-06,-0.12726114256234566,-0.33586854079866735,False,False
2021-07-01,la_paz_el_alto,2.6836879229538895e-05,440,,7,2.7037113330928337e-05,8.323715628520184e-06,-0.00740589792033719,-0.024055855620939853,False,False
2021-08-01,la_paz_el_alto,2.5923240318729647e-05,440,,8,3.140955691738529e-05,8.323715628520184e-06,-0.17467029583021443,-0.6591186969263413,False,False
2021-09-01,la_paz_el_alto,2.0805913447003145e-05,426,,9,2.3477145364036945e-05,8.323715628520184e-06,-0.11378009871360595,-0.32091820963719064,False,False
2021-10-01,la_paz_el_alto,1.721758252626353e-05,438,,10,1.3843298904235513e-05,8.323715628520184e-06,0.2437485201591374,0.4053818958526706,False,False
2021-11-01,la_paz_el_alto,1.4055946963665337e-05,426,,11,5.292696018231177e-06,8.323715628520184e-06,1.6557253458820114,1.0528051817878017,False,False
2021-12-01,la_paz_el_alto,1.08400852994826e-05,438,,12,7.1041248617796e-06,8.323715628520184e-06,0.5258860887711274,0.44883326202329554,False,False
2022-01-01,la_paz_el_alto,8.032614927943418e-06,433,,1,1.1831437128044168e-05,8.323715628520184e-06,-0.3210786786920724,-0.45638538960708297,False,False
2022-02-01,la_paz_el_alto,9.63757960839668e-06,394,,2,9.350419956991373e-06,8.323715628520184e-06,0.030710882797365224,0.03449897428275778,False,False
2022-03-01,la_paz_el_alto,1.1118385141634536e-05,440,,3,9.947073047144532e-06,8.323715628520184e-06,0.11775444786004141,0.14071985958730357,False,False
2022-04-01,la_paz_el_alto,1.8260789080804656e-05,424,,4,1.3235605810154211e-05,8.323715628520184e-06,0.3796715724787738,0.603718759135917,False,False
2022-05-01,la_paz_el_alto,1.793895855115293e-05,426,,5,1.8671171588221335e-05,8.323715628520184e-06,-0.039216234161241315,-0.08796708942813537,False,False
2022-06-01,la_paz_el_alto,2.0009077067646147e-05,426,,6,2.1968011333895777e-05,8.323715628520184e-06,-0.08917212561826526,-0.2353437279305391,False,False
2022-07-01,la_paz_el_alto,3.311843406241306e-05,439,,7,2.7037113330928337e-05,8.323715628520184e-06,0.22492492660184138,0.7306016931486494,False,False
2022-08-01,la_paz_el_alto,2.9947625255712592e-05,440,,8,3.140955691738529e-05,8.323715628520184e-06,-0.046544166971789314,-0.17563450349788168,False,False
2022-09-01,la_paz_el_alto,2.296963496158285e-05,426,,9,2.3477145364036945e-05,8.323715628520184e-06,-0.021617210891044514,-0.060971617136362975,False,False
2022-10-01,la_paz_el_alto,2.1645219769109232e-05,440,,10,1.3843298904235513e-05,8.323715628520184e-06,0.563588268868964,0.9373122789228168,False,False
2022-11-01,la_paz_el_alto,1.3510897545183312e-05,425,,11,5.292696018231177e-06,8.323715628520184e-06,1.5527439132426624,0.9873236777567798,False,False
2022-12-01,la_paz_el_alto,1.1802664412501936e-05,439,,12,7.1041248617796e-06,8.323715628520184e-06,0.6613818932153932,0.5644762219679118,False,False
2023-01-01,la_paz_el_alto,1.1450476196853458e-05,440,,1,1.1831437128044168e-05,8.323715628520184e-06,-0.032199041170384524,-0.045768133871055605,False,False
2023-02-01,la_paz_el_alto,1.0974714524049816e-05,397,,2,9.350419956991373e-06,8.323715628520184e-06,0.1737135416943436,0.19514056456866438,False,False
2023-03-01,la_paz_el_alto,8.210650135911984e-06,440,,3,9.947073047144532e-06,8.323715628520184e-06,-0.17456621691654484,-0.2086115130222505,False,False
2023-04-01,la_paz_el_alto,1.9987905513531033e-05,426,,4,1.3235605810154211e-05,8.323715628520184e-06,0.5101617410059562,0.8112122043478877,False,False
2023-05-01,la_paz_el_alto,2.7226986322069666e-05,401,,5,1.8671171588221335e-05,8.323715628520184e-06,0.45823662930963294,1.0278840743348905,False,False
2023-06-01,la_paz_el_alto,2.9943303145528168e-05,392,,6,2.1968011333895777e-05,8.323715628520184e-06,0.36304113697022866,0.9581408312780458,False,False
2023-07-01,la_paz_el_alto,3.646144870969624e-05,414,,7,2.7037113330928337e-05,8.323715628520184e-06,0.34857032492397044,1.1322269764330464,False,False
2023-08-01,la_paz_el_alto,3.1922948413812895e-05,439,,8,3.140955691738529e-05,8.323715628520184e-06,0.016345072863585663,0.06167816385611849,False,False
2023-09-01,la_paz_el_alto,2.7239369484932797e-05,425,,9,2.3477145364036945e-05,8.323715628520184e-06,0.16025049308843786,0.45198854559675916,False,False
2023-10-01,la_paz_el_alto,1.7569257852090653e-05,440,,10,1.3843298904235513e-05,8.323715628520184e-06,0.26915253175058873,0.44763169648523327,False,False
2023-11-01,la_paz_el_alto,1.3547709063217628e-05,425,,11,5.292696018231177e-06,8.323715628520184e-06,1.5596990676493228,0.9917461640209895,False,False
2023-12-01,la_paz_el_alto,8.403356497918399e-06,438,,12,7.1041248617796e-06,8.323715628520184e-06,0.1828841217485777,0.15608794126593437,False,False
2024-01-01,la_paz_el_alto,7.678942501751374e-06,432,,1,1.1831437128044168e-05,8.323715628520184e-06,-0.35097127942725537,-0.49887511919133604,False,False
2024-02-01,la_paz_el_alto,6.61374990625109e-06,407,,2,9.350419956991373e-06,8.323715628520184e-06,-0.2926788383118617,-0.3287798590047239,False,False
2024-03-01,la_paz_el_alto,7.332358025228613e-06,433,,3,9.947073047144532e-06,8.323715628520184e-06,-0.2628627546538944,-0.31412834587439775,False,False
2024-04-01,la_paz_el_alto,1.2305295241782848e-05,425,,4,1.3235605810154211e-05,8.323715628520184e-06,-0.0702884765318138,-0.11176626039262672,False,False
2024-05-01,la_paz_el_alto,2.2577805369360083e-05,439,,5,1.8671171588221335e-05,8.323715628520184e-06,0.2092334571871879,0.4693377279436542,False,False
2024-06-01,la_paz_el_alto,3.212163701614411e-05,426,,6,2.1968011333895777e-05,8.323715628520184e-06,0.46220049361417104,1.2198429325790743,False,False
2024-07-01,la_paz_el_alto,2.9733910607021216e-05,438,,7,2.7037113330928337e-05,8.323715628520184e-06,0.0997442753257225,0.3239895974884865,False,False
2024-08-01,la_paz_el_alto,2.6136998946636854e-05,436,,8,3.140955691738529e-05,8.323715628520184e-06,-0.16786476754882396,-0.6334380228803912,False,False
2024-09-01,la_paz_el_alto,2.6046323970284184e-05,424,,9,2.3477145364036945e-05,8.323715628520184e-06,0.10943317709242417,0.3086576621436064,False,False
2024-10-01,la_paz_el_alto,2.0666037428859405e-05,440,,10,1.3843298904235513e-05,8.323715628520184e-06,0.49285495977670446,0.8196746295904944,False,False
2024-11-01,la_paz_el_alto,1.2951555835861869e-05,426,,11,5.292696018231177e-06,8.323715628520184e-06,1.4470621005342164,0.920125117127807,False,False
2024-12-01,la_paz_el_alto,1.1870279521643692e-05,438,,12,7.1041248617796e-06,8.323715628520184e-06,0.6708996185450151,0.5725994102361511,False,False
2025-01-01,la_paz_el_alto,1.328302566126588e-05,440,,1,1.1831437128044168e-05,8.323715628520184e-06,0.12268911354656975,0.17439189395755234,False,False
2025-02-01,la_paz_el_alto,9.280650997985978e-06,397,,2,9.350419956991373e-06,8.323715628520184e-06,-0.007461585610732735,-0.008381948893873831,False,False
2025-03-01,la_paz_el_alto,1.0653853885375916e-05,439,,3,9.947073047144532e-06,8.323715628520184e-06,0.07105415179737484,0.0849116992668138,False,False
2025-04-01,la_paz_el_alto,1.4841158252923977e-05,426,,4,1.3235605810154211e-05,8.323715628520184e-06,0.12130555002914956,0.1928889109652591,False,False
2025-05-01,la_paz_el_alto,2.730856328261403e-05,438,,5,1.8671171588221335e-05,8.323715628520184e-06,0.46260576919777097,1.0376846206515922,False,False
2025-06-01,la_paz_el_alto,1.73956865356428e-05,426,,6,2.1968011333895777e-05,8.323715628520184e-06,-0.2081355808114529,-0.5493129513683132,False,False
2025-07-01,la_paz_el_alto,2.857559670457406e-05,440,,7,2.7037113330928337e-05,8.323715628520184e-06,0.05690264914064702,0.18483132321031015,False,False
2025-08-01,la_paz_el_alto,2.781519588947886e-05,439,,8,3.140955691738529e-05,8.323715628520184e-06,-0.11443526686353678,-0.4318216993851638,False,False
2025-09-01,la_paz_el_alto,2.7293448711656133e-05,422,,9,2.3477145364036945e-05,8.323715628520184e-06,0.16255397700374274,0.4584855511573577,False,False
2025-10-01,la_paz_el_alto,1.991656157657399e-05,338,,10,1.3843298904235513e-05,8.323715628520184e-06,0.43871498508786044,0.7296336087611154,False,False
2025-11-01,la_paz_el_alto,1.4278435084568702e-05,386,,11,5.292696018231177e-06,8.323715628520184e-06,1.697762167973623,1.079534605380919,False,False
2025-12-01,la_paz_el_alto,1.4482226261454284e-05,440,,12,7.1041248617796e-06,8.323715628520184e-06,1.038565839315281,0.8863951784218252,True,False
2026-01-01,la_paz_el_alto,1.0675534150817368e-05,440,,1,1.1831437128044168e-05,8.323715628520184e-06,-0.09769759706426129,-0.13886862896495894,True,False
2026-02-01,la_paz_el_alto,1.1475616985364693e-05,394,,2,9.350419956991373e-06,8.323715628520184e-06,0.22728359134118836,0.2553183125444116,True,False
2026-03-01,la_paz_el_alto,1.0625338326863752e-05,439,,3,9.947073047144532e-06,8.323715628520184e-06,0.06818742322536053,0.08148587842131794,True,False
2026-04-01,la_paz_el_alto,8.603824264195375e-06,181,,4,1.3235605810154211e-05,8.323715628520184e-06,-0.3499485865924916,-0.5564560050668489,True,False
2018-07-01,santa_cruz,1.3702670518902026e-05,426,,7,1.576919324819544e-05,7.524910740603905e-06,-0.131048094646814,-0.27462421821731386,False,False
2018-08-01,santa_cruz,3.244304385131505e-05,421,,8,2.554521845490459e-05,7.524910740603905e-06,0.27002413029222305,0.9166654109516893,False,False
2018-09-01,santa_cruz,3.6590493092249344e-05,414,,9,3.3203664100689825e-05,7.524910740603905e-06,0.10200166407204314,0.4500822811471265,False,False
2018-10-01,santa_cruz,2.066736941965478e-05,427,,10,2.227632780089513e-05,7.524910740603905e-06,-0.07222727173083243,-0.21381760351767642,False,False
2018-11-01,santa_cruz,1.4756973729417412e-05,425,,11,1.7760432104887264e-05,7.524910740603905e-06,-0.16910953279359509,-0.39913541555561527,False,False
2018-12-01,santa_cruz,8.488498758683296e-06,426,,12,1.009727394841333e-05,7.524910740603905e-06,-0.15932767576171736,-0.21379325884215383,False,False
2019-01-01,santa_cruz,1.4519667306765109e-05,440,,1,1.4519667306765109e-05,7.524910740603905e-06,0.0,0.0,False,False
2019-02-01,santa_cruz,1.0262766765664533e-05,396,,2,1.0262766765664533e-05,7.524910740603905e-06,0.0,0.0,False,False
2019-03-01,santa_cruz,1.1294356943485756e-05,440,,3,1.1294356943485756e-05,7.524910740603905e-06,0.0,0.0,False,False
2019-04-01,santa_cruz,1.0019583262093278e-05,417,,4,1.0019583262093278e-05,7.524910740603905e-06,0.0,0.0,False,False
2019-05-01,santa_cruz,9.304588980598436e-06,440,,5,9.304588980598436e-06,7.524910740603905e-06,0.0,0.0,False,False
2019-06-01,santa_cruz,1.1463676921917054e-05,425,,6,1.1463676921917054e-05,7.524910740603905e-06,0.0,0.0,False,False
2019-07-01,santa_cruz,1.576919324819544e-05,437,,7,1.576919324819544e-05,7.524910740603905e-06,0.0,0.0,False,False
2019-08-01,santa_cruz,2.554521845490459e-05,440,,8,2.554521845490459e-05,7.524910740603905e-06,0.0,0.0,False,False
2019-09-01,santa_cruz,3.3203664100689825e-05,425,,9,3.3203664100689825e-05,7.524910740603905e-06,0.0,0.0,False,False
2019-10-01,santa_cruz,2.227632780089513e-05,439,,10,2.227632780089513e-05,7.524910740603905e-06,0.0,0.0,False,False
2019-11-01,santa_cruz,1.7760432104887264e-05,424,,11,1.7760432104887264e-05,7.524910740603905e-06,0.0,0.0,False,False
2019-12-01,santa_cruz,1.009727394841333e-05,440,,12,1.009727394841333e-05,7.524910740603905e-06,0.0,0.0,False,False
2020-01-01,santa_cruz,1.3936782847343369e-05,439,,1,1.4519667306765109e-05,7.524910740603905e-06,-0.04014447763208451,-0.0774606476428398,False,False
2020-02-01,santa_cruz,1.1942485173965551e-05,407,,2,1.0262766765664533e-05,7.524910740603905e-06,0.1636711080603277,0.22322104091379752,False,False
2020-03-01,santa_cruz,1.134716264411676e-05,440,,3,1.1294356943485756e-05,7.524910740603905e-06,0.004675405682256217,0.007017452093626642,False,False
2020-04-01,santa_cruz,8.50259988810858e-06,425,,4,1.0019583262093278e-05,7.524910740603905e-06,-0.1514018432007892,-0.20159486620873251,False,False
2020-05-01,santa_cruz,7.7747218197334e-06,438,,5,9.304588980598436e-06,7.524910740603905e-06,-0.16442071369891298,-0.20330701766467177,False,False
2020-06-01,santa_cruz,7.868179009408755e-06,425,,6,1.1463676921917054e-05,7.524910740603905e-06,-0.31364264162348965,-0.47781269924003716,False,False
2020-07-01,santa_cruz,1.587366011532482e-05,439,,7,1.576919324819544e-05,7.524910740603905e-06,0.00662474392222534,0.013882804823940689,False,False
2020-08-01,santa_cruz,2.2621596361829977e-05,437,,8,2.554521845490459e-05,7.524910740603905e-06,-0.11444889767671129,-0.38852581696404026,False,False
2020-09-01,santa_cruz,3.1166061013001244e-05,425,,9,3.3203664100689825e-05,7.524910740603905e-06,-0.06136681426211177,-0.2707810308890196,False,False
2020-10-01,santa_cruz,1.956450348006579e-05,440,,10,2.227632780089513e-05,7.524910740603905e-06,-0.12173569831919828,-0.36037959974681444,False,False
2020-11-01,santa_cruz,1.9687386828643275e-05,425,,11,1.7760432104887264e-05,7.524910740603905e-06,0.10849706315567387,0.25607675495182874,False,False
2020-12-01,santa_cruz,1.4065547678115783e-05,438,,12,1.009727394841333e-05,7.524910740603905e-06,0.39300446338053674,0.5273516014336116,False,False
2021-01-01,santa_cruz,9.903445102491678e-06,437,,1,1.4519667306765109e-05,7.524910740603905e-06,-0.3179289240410217,-0.6134587323892907,False,False
2021-02-01,santa_cruz,1.230175649639254e-05,397,,2,1.0262766765664533e-05,7.524910740603905e-06,0.19867836591100585,0.2709653045750772,False,False
2021-03-01,santa_cruz,1.140006165941394e-05,440,,3,1.1294356943485756e-05,7.524910740603905e-06,0.009359073425525999,0.014047304954437307,False,False
2021-04-01,santa_cruz,1.056699096373216e-05,424,,4,1.0019583262093278e-05,7.524910740603905e-06,0.054633779401771054,0.07274607241320574,False,False
2021-05-01,santa_cruz,1.38748522682861e-05,437,,5,9.304588980598436e-06,7.524910740603905e-06,0.4911837908388428,0.6073511627223477,False,False
2021-06-01,santa_cruz,1.2290484190071196e-05,425,,6,1.1463676921917054e-05,7.524910740603905e-06,0.07212409018378696,0.10987602333842268,False,False
2021-07-01,santa_cruz,1.63424911967721e-05,440,,7,1.576919324819544e-05,7.524910740603905e-06,0.03635556616964308,0.07618667760179287,False,False
2021-08-01,santa_cruz,2.9505188382979625e-05,440,,8,2.554521845490459e-05,7.524910740603905e-06,0.15501804907504058,0.5262480931112322,False,False
2021-09-01,santa_cruz,2.9921254826265636e-05,426,,9,3.3203664100689825e-05,7.524910740603905e-06,-0.09885683894615704,-0.4362057421774498,False,False
2021-10-01,santa_cruz,2.5148534901254428e-05,438,,10,2.227632780089513e-05,7.524910740603905e-06,0.1289353939316642,0.38169317874577097,False,False
2021-11-01,santa_cruz,1.9206040697192942e-05,426,,11,1.7760432104887264e-05,7.524910740603905e-06,0.08139489984074655,0.1921097328776636,False,False
2021-12-01,santa_cruz,1.5760541793083984e-05,438,,12,1.009727394841333e-05,7.524910740603905e-06,0.5608709710763637,0.7526026606683913,False,False
2022-01-01,santa_cruz,1.623179512965274e-05,433,,1,1.4519667306765109e-05,7.524910740603905e-06,0.11791784114019643,0.22752799094999315,False,False
2022-02-01,santa_cruz,1.409406327419663e-05,394,,2,1.0262766765664533e-05,7.524910740603905e-06,0.3733200408831481,0.5091484325333832,False,False
2022-03-01,santa_cruz,1.2572352406321671e-05,440,,3,1.1294356943485756e-05,7.524910740603905e-06,0.11315345081005468,0.16983529863549604,False,False
2022-04-01,santa_cruz,9.661651427647569e-06,424,,4,1.0019583262093278e-05,7.524910740603905e-06,-0.03572322571537079,-0.04756625650246367,False,False
2022-05-01,santa_cruz,1.442714463469654e-05,426,,5,9.304588980598436e-06,7.524910740603905e-06,0.5505407777580993,0.6807463677219643,False,False
2022-06-01,santa_cruz,1.5339416287970224e-05,426,,6,1.1463676921917054e-05,7.524910740603905e-06,0.3380886771715681,0.5150545301673739,False,False
2022-07-01,santa_cruz,1.7266105502154854e-05,439,,7,1.576919324819544e-05,7.524910740603905e-06,0.0949263688001738,0.19892757609497957,False,False
2022-08-01,santa_cruz,2.8459847440975493e-05,440,,8,2.554521845490459e-05,7.524910740603905e-06,0.11409685108843948,0.38733070551172966,False,False
2022-09-01,santa_cruz,4.122036450157947e-05,426,,9,3.3203664100689825e-05,7.524910740603905e-06,0.2414402331194252,1.065354882900082,False,False
2022-10-01,santa_cruz,2.4090762040457223e-05,440,,10,2.227632780089513e-05,7.524910740603905e-06,0.08145122731984511,0.24112368931787195,False,False
2022-11-01,santa_cruz,1.863445481346271e-05,425,,11,1.7760432104887264e-05,7.524910740603905e-06,0.04921179301346701,0.11615057489775653,False,False
2022-12-01,santa_cruz,1.7422086417055705e-05,439,,12,1.009727394841333e-05,7.524910740603905e-06,0.7254247538558052,0.9734085520932743,False,False
2023-01-01,santa_cruz,1.2728851101527428e-05,440,,1,1.4519667306765109e-05,7.524910740603905e-06,-0.1233372753935823,-0.23798504287559968,False,False
2023-02-01,santa_cruz,9.833017075253513e-06,397,,2,1.0262766765664533e-05,7.524910740603905e-06,-0.04187464260113616,-0.05711027083578814,False,False
2023-03-01,santa_cruz,1.0989116441037196e-05,440,,3,1.1294356943485756e-05,7.524910740603905e-06,-0.027025930203544046,-0.04056400307866813,False,False
2023-04-01,santa_cruz,9.75773883518855e-06,426,,4,1.0019583262093278e-05,7.524910740603905e-06,-0.026133265232233138,-0.03479701433424756,False,False
2023-05-01,santa_cruz,9.35936211272543e-06,401,,5,9.304588980598436e-06,7.524910740603905e-06,0.005886679383818372,0.007278907885437268,False,False
2023-06-01,santa_cruz,9.66681575083312e-06,392,,6,1.1463676921917054e-05,7.524910740603905e-06,-0.15674387749436403,-0.23878837012486995,False,False
2023-07-01,santa_cruz,1.7039058069903175e-05,414,,7,1.576919324819544e-05,7.524910740603905e-06,0.08052820469132449,0.16875480194809886,False,False
2023-08-01,santa_cruz,3.0656258299828615e-05,439,,8,2.554521845490459e-05,7.524910740603905e-06,0.20007814197974572,0.6792160094797141,False,False
2023-09-01,santa_cruz,4.00456296364152e-05,425,,9,3.3203664100689825e-05,7.524910740603905e-06,0.2060605575028458,0.9092420855979849,False,False
2023-10-01,santa_cruz,3.645195693884564e-05,440,,10,2.227632780089513e-05,7.524910740603905e-06,0.6363539477714497,1.88382688201998,False,False
2023-11-01,santa_cruz,2.280297408365015e-05,425,,11,1.7760432104887264e-05,7.524910740603905e-06,0.28392000537955897,0.670113195038138,False,False
2023-12-01,santa_cruz,1.504183298992948e-05,438,,12,1.009727394841333e-05,7.524910740603905e-06,0.48969247212443223,0.6570920522466329,False,False
2024-01-01,santa_cruz,1.3195753824119349e-05,432,,1,1.4519667306765109e-05,7.524910740603905e-06,-0.09118070370861131,-0.17593743345047444,False,False
2024-02-01,santa_cruz,1.313413070668542e-05,407,,2,1.0262766765664533e-05,7.524910740603905e-06,0.2797845850523877,0.38158112966406404,False,False
2024-03-01,santa_cruz,1.119614947219626e-05,433,,3,1.1294356943485756e-05,7.524910740603905e-06,-0.008695268954301838,-0.013050981556442201,False,False
2024-04-01,santa_cruz,1.0183722889758516e-05,425,,4,1.0019583262093278e-05,7.524910740603905e-06,0.016381881698235956,0.021812833842606526,False,False
2024-05-01,santa_cruz,9.501211610315004e-06,439,,5,9.304588980598436e-06,7.524910740603905e-06,0.021131791004047384,0.026129563059878614,False,False
2024-06-01,santa_cruz,9.017001622101054e-06,426,,6,1.1463676921917054e-05,7.524910740603905e-06,-0.21342849388386687,-0.3251434314846962,False,False
2024-07-01,santa_cruz,2.250761396443121e-05,438,,7,1.576919324819544e-05,7.524910740603905e-06,0.4273155011913423,0.8954818134753026,False,False
2024-08-01,santa_cruz,3.1058862573430664e-05,436,,8,2.554521845490459e-05,7.524910740603905e-06,0.21583859728032473,0.732718873165475,False,False
2024-09-01,santa_cruz,4.8410564653279136e-05,424,,9,3.3203664100689825e-05,7.524910740603905e-06,0.45798862759466896,2.0208745428080515,False,False
2024-10-01,santa_cruz,2.95379521035684e-05,440,,10,2.227632780089513e-05,7.524910740603905e-06,0.3259794149007573,0.9650113540204589,False,False
2024-11-01,santa_cruz,1.7944417577899748e-05,426,,11,1.7760432104887264e-05,7.524910740603905e-06,0.01035929035543326,0.02445018676696202,False,False
2024-12-01,santa_cruz,1.2938664234794e-05,438,,12,1.009727394841333e-05,7.524910740603905e-06,0.2814017229697092,0.3775978724968419,False,False
2025-01-01,santa_cruz,1.4050255473669164e-05,440,,1,1.4519667306765109e-05,7.524910740603905e-06,-0.03232937939819269,-0.06238104999213216,False,False
2025-02-01,santa_cruz,1.389890666133782e-05,397,,2,1.0262766765664533e-05,7.524910740603905e-06,0.3543040564693025,0.4832136913004064,False,False
2025-03-01,santa_cruz,8.724020260312696e-06,439,,3,1.1294356943485756e-05,7.524910740603905e-06,-0.22757707198686972,-0.34157703284155894,False,False
2025-04-01,santa_cruz,9.61776125697884e-06,426,,4,1.0019583262093278e-05,7.524910740603905e-06,-0.04010366445425295,-0.053398906507453124,False,False
2025-05-01,santa_cruz,1.077470479880422e-05,438,,5,9.304588980598436e-06,7.524910740603905e-06,0.15799900686330282,0.19536654571503945,False,False
2025-06-01,santa_cruz,8.779378178959934e-06,426,,6,1.1463676921917054e-05,7.524910740603905e-06,-0.23415687316039857,-0.3567216722549049,False,False
2025-07-01,santa_cruz,1.815336987440828e-05,440,,7,1.576919324819544e-05,7.524910740603905e-06,0.15119204823529397,0.31683786139123,False,False
2025-08-01,santa_cruz,2.7267963828413827e-05,439,,8,2.554521845490459e-05,7.524910740603905e-06,0.06743905426177621,0.22893897786898923,False,False
2025-09-01,santa_cruz,3.647052895278255e-05,422,,9,3.3203664100689825e-05,7.524910740603905e-06,0.0983886851217981,0.43414001371005567,False,False
2025-10-01,santa_cruz,2.2578486822201657e-05,338,,10,2.227632780089513e-05,7.524910740603905e-06,0.01356413067751605,0.0401544990661614,False,False
2025-11-01,santa_cruz,1.359535134673553e-05,386,,11,1.7760432104887264e-05,7.524910740603905e-06,-0.2345146071646308,-0.5535056695991413,False,False
2025-12-01,santa_cruz,1.1797164017323344e-05,440,,12,1.009727394841333e-05,7.524910740603905e-06,0.1683513864825994,0.2259016920609468,True,False
2026-01-01,santa_cruz,1.29407566144592e-05,440,,1,1.4519667306765109e-05,7.524910740603905e-06,-0.10874289740580012,-0.20982450778933678,True,False
2026-02-01,santa_cruz,1.44643062366176e-05,394,,2,1.0262766765664533e-05,7.524910740603905e-06,0.409396371065343,0.5583507387379157,True,False
2026-03-01,santa_cruz,1.2693858132376012e-05,439,,3,1.1294356943485756e-05,7.524910740603905e-06,0.12391154236518509,0.18598243050759974,True,False
2026-04-01,santa_cruz,7.41197859670976e-06,181,,4,1.0019583262093278e-05,7.524910740603905e-06,-0.26025081055504307,-0.34652964736353103,True,False
2018-07-01,cochabamba,5.1699243018528845e-05,426,,7,5.48627354404404e-05,1.5721607440547848e-05,-0.05766195207940139,-0.20121940036185731,False,False
2018-08-01,cochabamba,5.209026600085948e-05,421,,8,6.275307450811959e-05,1.5721607440547848e-05,-0.16991690990184805,-0.6782263548801946,False,False
2018-09-01,cochabamba,4.717108557925864e-05,414,,9,5.037442255091469e-05,1.5721607440547848e-05,-0.06359054475350778,-0.2037537817789723,False,False
2018-10-01,cochabamba,3.0316346031934313e-05,427,,10,2.5538363058295855e-05,1.5721607440547848e-05,0.18709041619981126,0.303911860902689,False,False
2018-11-01,cochabamba,2.5022825262688385e-05,425,,11,1.7417880590992817e-05,1.5721607440547848e-05,0.4366171091807953,0.48372564322408496,False,False
2018-12-01,cochabamba,2.4697098696587416e-05,426,,12,2.5264655567433666e-05,1.5721607440547848e-05,-0.022464461046436512,-0.036100435212652264,False,False
2019-01-01,cochabamba,2.3048676661323616e-05,440,,1,2.3048676661323616e-05,1.5721607440547848e-05,0.0,0.0,False,False
2019-02-01,cochabamba,2.7446414124652892e-05,396,,2,2.7446414124652892e-05,1.5721607440547848e-05,0.0,0.0,False,False
2019-03-01,cochabamba,2.5248852422369984e-05,440,,3,2.5248852422369984e-05,1.5721607440547848e-05,0.0,0.0,False,False
2019-04-01,cochabamba,2.9481994687303743e-05,417,,4,2.9481994687303743e-05,1.5721607440547848e-05,0.0,0.0,False,False
2019-05-01,cochabamba,4.7831489347103986e-05,440,,5,4.7831489347103986e-05,1.5721607440547848e-05,0.0,0.0,False,False
2019-06-01,cochabamba,5.452997700392357e-05,425,,6,5.452997700392357e-05,1.5721607440547848e-05,0.0,0.0,False,False
2019-07-01,cochabamba,5.48627354404404e-05,437,,7,5.48627354404404e-05,1.5721607440547848e-05,0.0,0.0,False,False
2019-08-01,cochabamba,6.275307450811959e-05,440,,8,6.275307450811959e-05,1.5721607440547848e-05,0.0,0.0,False,False
2019-09-01,cochabamba,5.037442255091469e-05,425,,9,5.037442255091469e-05,1.5721607440547848e-05,0.0,0.0,False,False
2019-10-01,cochabamba,2.5538363058295855e-05,439,,10,2.5538363058295855e-05,1.5721607440547848e-05,0.0,0.0,False,False
2019-11-01,cochabamba,1.7417880590992817e-05,424,,11,1.7417880590992817e-05,1.5721607440547848e-05,0.0,0.0,False,False
2019-12-01,cochabamba,2.5264655567433666e-05,440,,12,2.5264655567433666e-05,1.5721607440547848e-05,0.0,0.0,False,False
2020-01-01,cochabamba,2.427506599957444e-05,439,,1,2.3048676661323616e-05,1.5721607440547848e-05,0.05320866600158203,0.07800661242105725,False,False
2020-02-01,cochabamba,2.667342666071053e-05,407,,2,2.7446414124652892e-05,1.5721607440547848e-05,-0.028163513835785636,-0.049167202963530235,False,False
2020-03-01,cochabamba,2.279069059750775e-05,440,,3,2.5248852422369984e-05,1.5721607440547848e-05,-0.09735736831684094,-0.15635562929286426,False,False
2020-04-01,cochabamba,1.1125307024242807e-05,425,,4,2.9481994687303743e-05,1.5721607440547848e-05,-0.6226406271949483,-1.1676088295982325,False,False
2020-05-01,cochabamba,1.5114832465517031e-05,438,,5,4.7831489347103986e-05,1.5721607440547848e-05,-0.6839982891640364,-2.080999478285338,False,False
2020-06-01,cochabamba,2.8346448848479773e-05,425,,6,5.452997700392357e-05,1.5721607440547848e-05,-0.480167599439109,-1.6654485398174645,False,False
2020-07-01,cochabamba,2.968431751092476e-05,439,,7,5.48627354404404e-05,1.5721607440547848e-05,-0.4589347892951785,-1.6015167675906712,False,False
2020-08-01,cochabamba,3.807502126017624e-05,437,,8,6.275307450811959e-05,1.5721607440547848e-05,-0.3932564809195168,-1.5696902076498738,False,False
2020-09-01,cochabamba,4.752894618399159e-05,425,,9,5.037442255091469e-05,1.5721607440547848e-05,-0.05648653071997212,-0.18099143981831559,False,False
2020-10-01,cochabamba,2.470363567428587e-05,440,,10,2.5538363058295855e-05,1.5721607440547848e-05,-0.032685234449231104,-0.053094277233835856,False,False
2020-11-01,cochabamba,2.5298260364422538e-05,425,,11,1.7417880590992817e-05,1.5721607440547848e-05,0.45243046260776665,0.5012451686781918,False,False
2020-12-01,cochabamba,2.069065912310979e-05,438,,12,2.5264655567433666e-05,1.5721607440547848e-05,-0.18104329315376821,-0.2909369453232249,False,False
2021-01-01,cochabamba,2.0995074169733274e-05,437,,1,2.3048676661323616e-05,1.5721607440547848e-05,-0.08909849887548427,-0.13062293403242364,False,False
2021-02-01,cochabamba,2.2879233848080947e-05,397,,2,2.7446414124652892e-05,1.5721607440547848e-05,-0.16640353292890153,-0.290503391198578,False,False
2021-03-01,cochabamba,2.170455031065176e-05,440,,3,2.5248852422369984e-05,1.5721607440547848e-05,-0.14037478030399675,-0.22544145852268624,False,False
2021-04-01,cochabamba,2.652999250927018e-05,424,,4,2.9481994687303743e-05,1.5721607440547848e-05,-0.1001289841255153,-0.18776719805507971,False,False
2021-05-01,cochabamba,3.1910876428494785e-05,437,,5,4.7831489347103986e-05,1.5721607440547848e-05,-0.33284794464743406,-1.0126580872098419,False,False
2021-06-01,cochabamba,3.421292236490519e-05,425,,6,5.452997700392357e-05,1.5721607440547848e-05,-0.37258505789497254,-1.2923013575964468,False,False
2021-07-01,cochabamba,5.1863992693176875e-05,440,,7,5.48627354404404e-05,1.5721607440547848e-05,-0.054659008946409404,-0.19074021270429492,False,False
2021-08-01,cochabamba,4.744310780216983e-05,440,,8,6.275307450811959e-05,1.5721607440547848e-05,-0.24397157949558013,-0.9738168799752358,False,False
2021-09-01,cochabamba,4.222839582284231e-05,426,,9,5.037442255091469e-05,1.5721607440547848e-05,-0.16170958029025517,-0.5181421021277272,False,False
2021-10-01,cochabamba,2.6747525502836524e-05,438,,10,2.5538363058295855e-05,1.5721607440547848e-05,0.047346904802807455,0.07691086608752865,False,False
2021-11-01,cochabamba,2.2090733234143995e-05,426,,11,1.7417880590992817e-05,1.5721607440547848e-05,0.2682790606319587,0.29722486462162573,False,False
2021-12-01,cochabamba,2.276757630850589e-05,438,,12,2.5264655567433666e-05,1.5721607440547848e-05,-0.09883686133234015,-0.15883103991564626,False,False
2022-01-01,cochabamba,1.8562047622893177e-05,433,,1,2.3048676661323616e-05,1.5721607440547848e-05,-0.19465885631339253,-0.2853797905460292,False,False
2022-02-01,cochabamba,2.3963238641829087e-05,394,,2,2.7446414124652892e-05,1.5721607440547848e-05,-0.12690821711733735,-0.22155339369689972,False,False
2022-03-01,cochabamba,2.447175751892276e-05,440,,3,2.5248852422369984e-05,1.5721607440547848e-05,-0.030777434571986118,-0.04942846374875177,False,False
2022-04-01,cochabamba,3.16703854128277e-05,424,,4,2.9481994687303743e-05,1.5721607440547848e-05,0.07422804151261753,0.13919637249559103,False,False
2022-05-01,cochabamba,3.781018106233337e-05,426,,5,4.7831489347103986e-05,1.5721607440547848e-05,-0.20951277958434233,-0.6374226250506992,False,False
2022-06-01,cochabamba,4.2172409524469575e-05,426,,6,5.452997700392357e-05,1.5721607440547848e-05,-0.2266197082490029,-0.7860244269668251,False,False
2022-07-01,cochabamba,4.902359394181677e-05,439,,7,5.48627354404404e-05,1.5721607440547848e-05,-0.10643183304198645,-0.37140868201325283,False,False
2022-08-01,cochabamba,5.3762685536350605e-05,440,,8,6.275307450811959e-05,1.5721607440547848e-05,-0.14326611153698487,-0.5718492212559468,False,False
2022-09-01,cochabamba,3.828673841415604e-05,426,,9,5.037442255091469e-05,1.5721607440547848e-05,-0.23995677815544836,-0.7688580307369279,False,False
2022-10-01,cochabamba,3.1760671541870066e-05,440,,10,2.5538363058295855e-05,1.5721607440547848e-05,0.2436455488306235,0.39578068000388794,False,False
2022-11-01,cochabamba,2.631127270965949e-05,425,,11,1.7417880590992817e-05,1.5721607440547848e-05,0.5105897972033204,0.5656795688543643,False,False
2022-12-01,cochabamba,2.174114891523801e-05,439,,12,2.5264655567433666e-05,1.5721607440547848e-05,-0.1394638704965162,-0.2241187273960373,False,False
2023-01-01,cochabamba,2.699922581693069e-05,440,,1,2.3048676661323616e-05,1.5721607440547848e-05,0.17140025927111968,0.2512815035324028,False,False
2023-02-01,cochabamba,1.9863908028059898e-05,397,,2,2.7446414124652892e-05,1.5721607440547848e-05,-0.27626581972259334,-0.48229839889252246,False,False
2023-03-01,cochabamba,2.019759884243925e-05,440,,3,2.5248852422369984e-05,1.5721607440547848e-05,-0.20005873912334426,-0.32129370988509526,False,False
2023-04-01,cochabamba,3.0245328278072043e-05,426,,4,2.9481994687303743e-05,1.5721607440547848e-05,0.025891517818400045,0.04855315168343243,False,False
2023-05-01,cochabamba,4.489129804189606e-05,401,,5,4.7831489347103986e-05,1.5721607440547848e-05,-0.061469783720751736,-0.18701594708597227,False,False
2023-06-01,cochabamba,5.231414057783971e-05,392,,6,5.452997700392357e-05,1.5721607440547848e-05,-0.040635198249293736,-0.14094210369157062,False,False
2023-07-01,cochabamba,6.021679281832945e-05,414,,7,5.48627354404404e-05,1.5721607440547848e-05,0.09759005516051,0.34055406854138315,False,False
2023-08-01,cochabamba,6.149972209689129e-05,439,,8,6.275307450811959e-05,1.5721607440547848e-05,-0.019972765016734506,-0.07972164525592723,False,False
2023-09-01,cochabamba,4.2903851539601296e-05,425,,9,5.037442255091469e-05,1.5721607440547848e-05,-0.14830087637754463,-0.4751785744278239,False,False
2023-10-01,cochabamba,3.113741714971245e-05,440,,10,2.5538363058295855e-05,1.5721607440547848e-05,0.21924091527071465,0.35613750773193736,False,False
2023-11-01,cochabamba,1.9189840554911392e-05,425,,11,1.7417880590992817e-05,1.5721607440547848e-05,0.10173223743621795,0.11270857452835802,False,False
2023-12-01,cochabamba,1.727741288430299e-05,438,,12,2.5264655567433666e-05,1.5721607440547848e-05,-0.3161429476769235,-0.5080423686531347,False,False
2024-01-01,cochabamba,2.1571695465085607e-05,432,,1,2.3048676661323616e-05,1.5721607440547848e-05,-0.06408095431858041,-0.09394594044046052,False,False
2024-02-01,cochabamba,1.5461714597920784e-05,407,,2,2.7446414124652892e-05,1.5721607440547848e-05,-0.4366581176069636,-0.7623075167124564,False,False
2024-03-01,cochabamba,2.0538029850449538e-05,433,,3,2.5248852422369984e-05,1.5721607440547848e-05,-0.18657571017947538,-0.29964000753324305,False,False
2024-04-01,cochabamba,3.2748707489913624e-05,425,,4,2.9481994687303743e-05,1.5721607440547848e-05,0.11080365617244592,0.2077849109871965,False,False
2024-05-01,cochabamba,4.211122804928175e-05,439,,5,4.7831489347103986e-05,1.5721607440547848e-05,-0.11959195450326432,-0.3638471014782506,False,False
2024-06-01,cochabamba,5.3976406913529665e-05,426,,6,5.452997700392357e-05,1.5721607440547848e-05,-0.010151665575690139,-0.035210781880113826,False,False
2024-07-01,cochabamba,5.1151953137128894e-05,438,,7,5.48627354404404e-05,1.5721607440547848e-05,-0.06763757354643696,-0.23603071869998266,False,False
2024-08-01,cochabamba,5.4938120383767064e-05,436,,8,6.275307450811959e-05,1.5721607440547848e-05,-0.1245349998483557,-0.4970836572472135,False,False
2024-09-01,cochabamba,4.435046391777956e-05,424,,9,5.037442255091469e-05,1.5721607440547848e-05,-0.11958367616118215,-0.3831642951215437,False,False
2024-10-01,cochabamba,3.491246813337524e-05,440,,10,2.5538363058295855e-05,1.5721607440547848e-05,0.36705974669094177,0.5962561468684481,False,False
2024-11-01,cochabamba,2.533827559012776e-05,426,,11,1.7417880590992817e-05,1.5721607440547848e-05,0.4547278274046016,0.5037904062346275,False,False
2024-12-01,cochabamba,2.4782115532561915e-05,438,,12,2.5264655567433666e-05,1.5721607440547848e-05,-0.0190994107789757,-0.030692792495710313,False,False
2025-01-01,cochabamba,2.469011564084862e-05,440,,1,2.3048676661323616e-05,1.5721607440547848e-05,0.07121619187271566,0.10440656184376823,False,False
2025-02-01,cochabamba,1.924715235585203e-05,397,,2,2.7446414124652892e-05,1.5721607440547848e-05,-0.2987370857104473,-0.5215282088556681,False,False
2025-03-01,cochabamba,1.8734210545235032e-05,439,,3,2.5248852422369984e-05,1.5721607440547848e-05,-0.2580173454284642,-0.4143750505010662,False,False
2025-04-01,cochabamba,2.6048074703991073e-05,426,,4,2.9481994687303743e-05,1.5721607440547848e-05,-0.11647515779491913,-0.21842041256266156,False,False
2025-05-01,cochabamba,4.2594752284829495e-05,438,,5,4.7831489347103986e-05,1.5721607440547848e-05,-0.10948304419861332,-0.333091707198358,False,False
2025-06-01,cochabamba,3.684665661556525e-05,426,,6,5.452997700392357e-05,1.5721607440547848e-05,-0.3242862249343321,-1.124778140863064,False,False
2025-07-01,cochabamba,5.2377077347154936e-05,440,,7,5.48627354404404e-05,1.5721607440547848e-05,-0.045306856709394605,-0.15810457694514493,False,False
2025-08-01,cochabamba,4.896935115340303e-05,439,,8,6.275307450811959e-05,1.5721607440547848e-05,-0.21965016794409153,-0.8767375350669766,False,False
2025-09-01,cochabamba,3.859396154707986e-05,422,,9,5.037442255091469e-05,1.5721607440547848e-05,-0.23385798600327423,-0.7493165726458515,False,False
2025-10-01,cochabamba,3.3153240655924305e-05,338,,10,2.5538363058295855e-05,1.5721607440547848e-05,0.2981740677836766,0.4843574441369652,False,False
2025-11-01,cochabamba,2.2256094096591164e-05,386,,11,1.7417880590992817e-05,1.5721607440547848e-05,0.2777728025130852,0.3077429279349663,False,False
2025-12-01,cochabamba,2.5155697790891053e-05,440,,12,2.5264655567433666e-05,1.5721607440547848e-05,-0.004312656321468267,-0.00693044759924468,True,False
2026-01-01,cochabamba,2.0045644389177504e-05,440,,1,2.3048676661323616e-05,1.5721607440547848e-05,-0.13029087596969469,-0.19101305534451543,True,False
2026-02-01,cochabamba,2.384211951109081e-05,394,,2,2.7446414124652892e-05,1.5721607440547848e-05,-0.13132114808122197,-0.2292573852382416,True,False
2026-03-01,cochabamba,3.075605199077136e-05,439,,3,2.5248852422369984e-05,1.5721607440547848e-05,0.21811682670861154,0.3502949421188111,True,False
2026-04-01,cochabamba,2.368303570519502e-05,181,,4,2.9481994687303743e-05,1.5721607440547848e-05,-0.19669493342002442,-0.3688528036358761,True,False
