date,roi,no2_tropos_col_mol_m2,n_valid_days,n_native_pixels,sd,sensor
2018-07-01,la_paz_el_alto,2.3702864016166042e-05,426,30,,TROPOMI
2018-08-01,la_paz_el_alto,2.854299096798626e-05,421,30,,TROPOMI
2018-09-01,la_paz_el_alto,2.6626658098708458e-05,414,30,,TROPOMI
2018-10-01,la_paz_el_alto,1.3035720428101655e-05,427,30,,TROPOMI
2018-11-01,la_paz_el_alto,1.6000359437468334e-05,425,30,,TROPOMI
2018-12-01,la_paz_el_alto,1.5425253444031064e-05,426,30,,TROPOMI
2019-01-01,la_paz_el_alto,1.1831437128044168e-05,440,30,,TROPOMI
2019-02-01,la_paz_el_alto,9.350419956991373e-06,396,30,,TROPOMI
2019-03-01,la_paz_el_alto,9.947073047144532e-06,440,30,,TROPOMI
2019-04-01,la_paz_el_alto,1.3235605810154213e-05,417,30,,TROPOMI
2019-05-01,la_paz_el_alto,1.8671171588221338e-05,440,30,,TROPOMI
2019-06-01,la_paz_el_alto,2.1968011333895774e-05,425,30,,TROPOMI
2019-07-01,la_paz_el_alto,2.7037113330928337e-05,437,30,,TROPOMI
2019-08-01,la_paz_el_alto,3.140955691738529e-05,440,30,,TROPOMI
2019-09-01,la_paz_el_alto,2.3477145364036945e-05,425,30,,TROPOMI
2019-10-01,la_paz_el_alto,1.3843298904235511e-05,439,30,,TROPOMI
2019-11-01,la_paz_el_alto,5.292696018231177e-06,424,30,,TROPOMI
2019-12-01,la_paz_el_alto,7.1041248617796e-06,440,29,,TROPOMI
2020-01-01,la_paz_el_alto,1.2580793542332544e-05,439,30,,TROPOMI
2020-02-01,la_paz_el_alto,1.1421399264497054e-05,407,29,,TROPOMI
2020-03-01,la_paz_el_alto,1.0861591147373507e-05,440,30,,TROPOMI
2020-04-01,la_paz_el_alto,6.178678157206626e-06,425,30,,TROPOMI
2020-05-01,la_paz_el_alto,1.0777462394886434e-05,438,30,,TROPOMI
2020-06-01,la_paz_el_alto,1.7114918359863574e-05,425,30,,TROPOMI
2020-07-01,la_paz_el_alto,2.586161693192028e-05,439,30,,TROPOMI
2020-08-01,la_paz_el_alto,2.1191450619466384e-05,437,30,,TROPOMI
2020-09-01,la_paz_el_alto,2.495707543537971e-05,425,30,,TROPOMI
2020-10-01,la_paz_el_alto,1.1842412416561381e-05,440,30,,TROPOMI
2020-11-01,la_paz_el_alto,9.788726526032903e-06,425,30,,TROPOMI
2020-12-01,la_paz_el_alto,1.3817391594003938e-05,438,30,,TROPOMI
2021-01-01,la_paz_el_alto,9.895209062270021e-06,437,30,,TROPOMI
2021-02-01,la_paz_el_alto,9.28917184393276e-06,397,30,,TROPOMI
2021-03-01,la_paz_el_alto,8.336400955936936e-06,440,29,,TROPOMI
2021-04-01,la_paz_el_alto,1.764046399987902e-05,424,30,,TROPOMI
2021-05-01,la_paz_el_alto,1.6597453551247436e-05,437,30,,TROPOMI
2021-06-01,la_paz_el_alto,1.917233711172164e-05,425,30,,TROPOMI
2021-07-01,la_paz_el_alto,2.6836879229538898e-05,440,30,,TROPOMI
2021-08-01,la_paz_el_alto,2.5923240318729647e-05,440,30,,TROPOMI
2021-09-01,la_paz_el_alto,2.0805913447003145e-05,426,30,,TROPOMI
2021-10-01,la_paz_el_alto,1.721758252626353e-05,438,30,,TROPOMI
2021-11-01,la_paz_el_alto,1.4055946963665337e-05,426,30,,TROPOMI
2021-12-01,la_paz_el_alto,1.08400852994826e-05,438,30,,TROPOMI
2022-01-01,la_paz_el_alto,8.032614927943418e-06,433,30,,TROPOMI
2022-02-01,la_paz_el_alto,9.637579608396681e-06,394,30,,TROPOMI
2022-03-01,la_paz_el_alto,1.1118385141634536e-05,440,30,,TROPOMI
2022-04-01,la_paz_el_alto,1.8260789080804656e-05,424,30,,TROPOMI
2022-05-01,la_paz_el_alto,1.793895855115293e-05,426,30,,TROPOMI
2022-06-01,la_paz_el_alto,2.0009077067646147e-05,426,30,,TROPOMI
2022-07-01,la_paz_el_alto,3.311843406241306e-05,439,30,,TROPOMI
2022-08-01,la_paz_el_alto,2.9947625255712592e-05,440,30,,TROPOMI
2022-09-01,la_paz_el_alto,2.296963496158285e-05,426,30,,TROPOMI
2022-10-01,la_paz_el_alto,2.1645219769109232e-05,440,30,,TROPOMI
2022-11-01,la_paz_el_alto,1.3510897545183312e-05,425,30,,TROPOMI
2022-12-01,la_paz_el_alto,1.1802664412501936e-05,439,30,,TROPOMI
2023-01-01,la_paz_el_alto,1.1450476196853458e-05,440,30,,TROPOMI
2023-02-01,la_paz_el_alto,1.0974714524049816e-05,397,30,,TROPOMI
2023-03-01,la_paz_el_alto,8.210650135911984e-06,440,30,,TROPOMI
2023-04-01,la_paz_el_alto,1.9987905513531033e-05,426,30,,TROPOMI
2023-05-01,la_paz_el_alto,2.7226986322069666e-05,401,30,,TROPOMI
2023-06-01,la_paz_el_alto,2.9943303145528168e-05,392,30,,TROPOMI
2023-07-01,la_paz_el_alto,3.646144870969624e-05,414,30,,TROPOMI
2023-08-01,la_paz_el_alto,3.1922948413812895e-05,439,30,,TROPOMI
2023-09-01,la_paz_el_alto,2.7239369484932797e-05,425,30,,TROPOMI
2023-10-01,la_paz_el_alto,1.7569257852090653e-05,440,30,,TROPOMI
2023-11-01,la_paz_el_alto,1.3547709063217628e-05,425,30,,TROPOMI
2023-12-01,la_paz_el_alto,8.403356497918399e-06,438,30,,TROPOMI
2024-01-01,la_paz_el_alto,7.678942501751374e-06,432,30,,TROPOMI
2024-02-01,la_paz_el_alto,6.61374990625109e-06,407,30,,TROPOMI
2024-03-01,la_paz_el_alto,7.332358025228613e-06,433,30,,TROPOMI
2024-04-01,la_paz_el_alto,1.2305295241782848e-05,425,30,,TROPOMI
2024-05-01,la_paz_el_alto,2.2577805369360083e-05,439,30,,TROPOMI
2024-06-01,la_paz_el_alto,3.212163701614411e-05,426,30,,TROPOMI
2024-07-01,la_paz_el_alto,2.9733910607021216e-05,438,30,,TROPOMI
2024-08-01,la_paz_el_alto,2.6136998946636854e-05,436,30,,TROPOMI
2024-09-01,la_paz_el_alto,2.6046323970284184e-05,424,30,,TROPOMI
2024-10-01,la_paz_el_alto,2.0666037428859405e-05,440,30,,TROPOMI
2024-11-01,la_paz_el_alto,1.2951555835861869e-05,426,30,,TROPOMI
2024-12-01,la_paz_el_alto,1.1870279521643692e-05,438,30,,TROPOMI
2025-01-01,la_paz_el_alto,1.3283025661265879e-05,440,30,,TROPOMI
2025-02-01,la_paz_el_alto,9.280650997985978e-06,397,30,,TROPOMI
2025-03-01,la_paz_el_alto,1.0653853885375916e-05,439,28,,TROPOMI
2025-04-01,la_paz_el_alto,1.4841158252923977e-05,426,30,,TROPOMI
2025-05-01,la_paz_el_alto,2.7308563282614034e-05,438,30,,TROPOMI
2025-06-01,la_paz_el_alto,1.73956865356428e-05,426,30,,TROPOMI
2025-07-01,la_paz_el_alto,2.857559670457406e-05,440,30,,TROPOMI
2025-08-01,la_paz_el_alto,2.781519588947886e-05,439,30,,TROPOMI
2025-09-01,la_paz_el_alto,2.7293448711656133e-05,422,30,,TROPOMI
2025-10-01,la_paz_el_alto,1.9916561576573994e-05,338,30,,TROPOMI
2025-11-01,la_paz_el_alto,1.4278435084568702e-05,386,30,,TROPOMI
2025-12-01,la_paz_el_alto,1.4482226261454283e-05,440,30,,TROPOMI
2026-01-01,la_paz_el_alto,1.0675534150817368e-05,440,30,,TROPOMI
2026-02-01,la_paz_el_alto,1.1475616985364691e-05,394,30,,TROPOMI
2026-03-01,la_paz_el_alto,1.0625338326863752e-05,439,30,,TROPOMI
2026-04-01,la_paz_el_alto,1.0636940807008009e-05,227,30,,TROPOMI
2018-07-01,santa_cruz,1.3702670518902026e-05,426,56,,TROPOMI
2018-08-01,santa_cruz,3.244304385131505e-05,421,56,,TROPOMI
2018-09-01,santa_cruz,3.6590493092249344e-05,414,56,,TROPOMI
2018-10-01,santa_cruz,2.066736941965478e-05,427,56,,TROPOMI
2018-11-01,santa_cruz,1.4756973729417412e-05,425,56,,TROPOMI
2018-12-01,santa_cruz,8.488498758683296e-06,426,56,,TROPOMI
2019-01-01,santa_cruz,1.4519667306765109e-05,440,56,,TROPOMI
2019-02-01,santa_cruz,1.0262766765664531e-05,396,56,,TROPOMI
2019-03-01,santa_cruz,1.1294356943485756e-05,440,56,,TROPOMI
2019-04-01,santa_cruz,1.0019583262093278e-05,417,56,,TROPOMI
2019-05-01,santa_cruz,9.304588980598436e-06,440,56,,TROPOMI
2019-06-01,santa_cruz,1.1463676921917054e-05,425,56,,TROPOMI
2019-07-01,santa_cruz,1.576919324819544e-05,437,56,,TROPOMI
2019-08-01,santa_cruz,2.5545218454904594e-05,440,56,,TROPOMI
2019-09-01,santa_cruz,3.3203664100689825e-05,425,56,,TROPOMI
2019-10-01,santa_cruz,2.227632780089513e-05,439,56,,TROPOMI
2019-11-01,santa_cruz,1.7760432104887264e-05,424,56,,TROPOMI
2019-12-01,santa_cruz,1.009727394841333e-05,440,56,,TROPOMI
2020-01-01,santa_cruz,1.3936782847343367e-05,439,56,,TROPOMI
2020-02-01,santa_cruz,1.1942485173965553e-05,407,56,,TROPOMI
2020-03-01,santa_cruz,1.134716264411676e-05,440,56,,TROPOMI
2020-04-01,santa_cruz,8.50259988810858e-06,425,56,,TROPOMI
2020-05-01,santa_cruz,7.7747218197334e-06,438,56,,TROPOMI
2020-06-01,santa_cruz,7.868179009408755e-06,425,56,,TROPOMI
2020-07-01,santa_cruz,1.587366011532482e-05,439,56,,TROPOMI
2020-08-01,santa_cruz,2.2621596361829977e-05,437,56,,TROPOMI
2020-09-01,santa_cruz,3.1166061013001244e-05,425,56,,TROPOMI
2020-10-01,santa_cruz,1.956450348006579e-05,440,56,,TROPOMI
2020-11-01,santa_cruz,1.9687386828643275e-05,425,56,,TROPOMI
2020-12-01,santa_cruz,1.4065547678115785e-05,438,56,,TROPOMI
2021-01-01,santa_cruz,9.903445102491678e-06,437,56,,TROPOMI
2021-02-01,santa_cruz,1.230175649639254e-05,397,56,,TROPOMI
2021-03-01,santa_cruz,1.140006165941394e-05,440,56,,TROPOMI
2021-04-01,santa_cruz,1.056699096373216e-05,424,56,,TROPOMI
2021-05-01,santa_cruz,1.3874852268286099e-05,437,56,,TROPOMI
2021-06-01,santa_cruz,1.2290484190071195e-05,425,56,,TROPOMI
2021-07-01,santa_cruz,1.63424911967721e-05,440,56,,TROPOMI
2021-08-01,santa_cruz,2.9505188382979622e-05,440,56,,TROPOMI
2021-09-01,santa_cruz,2.9921254826265636e-05,426,56,,TROPOMI
2021-10-01,santa_cruz,2.5148534901254428e-05,438,56,,TROPOMI
2021-11-01,santa_cruz,1.9206040697192942e-05,426,56,,TROPOMI
2021-12-01,santa_cruz,1.5760541793083984e-05,438,56,,TROPOMI
2022-01-01,santa_cruz,1.623179512965274e-05,433,56,,TROPOMI
2022-02-01,santa_cruz,1.409406327419663e-05,394,56,,TROPOMI
2022-03-01,santa_cruz,1.2572352406321673e-05,440,56,,TROPOMI
2022-04-01,santa_cruz,9.661651427647567e-06,424,56,,TROPOMI
2022-05-01,santa_cruz,1.4427144634696539e-05,426,56,,TROPOMI
2022-06-01,santa_cruz,1.5339416287970224e-05,426,56,,TROPOMI
2022-07-01,santa_cruz,1.7266105502154854e-05,439,56,,TROPOMI
2022-08-01,santa_cruz,2.8459847440975493e-05,440,56,,TROPOMI
2022-09-01,santa_cruz,4.122036450157947e-05,426,56,,TROPOMI
2022-10-01,santa_cruz,2.4090762040457223e-05,440,56,,TROPOMI
2022-11-01,santa_cruz,1.8634454813462714e-05,425,56,,TROPOMI
2022-12-01,santa_cruz,1.7422086417055705e-05,439,56,,TROPOMI
2023-01-01,santa_cruz,1.2728851101527428e-05,440,56,,TROPOMI
2023-02-01,santa_cruz,9.833017075253513e-06,397,56,,TROPOMI
2023-03-01,santa_cruz,1.0989116441037196e-05,440,56,,TROPOMI
2023-04-01,santa_cruz,9.75773883518855e-06,426,56,,TROPOMI
2023-05-01,santa_cruz,9.35936211272543e-06,401,56,,TROPOMI
2023-06-01,santa_cruz,9.666815750833121e-06,392,56,,TROPOMI
2023-07-01,santa_cruz,1.7039058069903175e-05,414,56,,TROPOMI
2023-08-01,santa_cruz,3.0656258299828615e-05,439,56,,TROPOMI
2023-09-01,santa_cruz,4.00456296364152e-05,425,56,,TROPOMI
2023-10-01,santa_cruz,3.645195693884564e-05,440,56,,TROPOMI
2023-11-01,santa_cruz,2.280297408365015e-05,425,56,,TROPOMI
2023-12-01,santa_cruz,1.5041832989929479e-05,438,56,,TROPOMI
2024-01-01,santa_cruz,1.3195753824119347e-05,432,56,,TROPOMI
2024-02-01,santa_cruz,1.313413070668542e-05,407,56,,TROPOMI
2024-03-01,santa_cruz,1.1196149472196259e-05,433,56,,TROPOMI
2024-04-01,santa_cruz,1.0183722889758515e-05,425,56,,TROPOMI
2024-05-01,santa_cruz,9.501211610315004e-06,439,56,,TROPOMI
2024-06-01,santa_cruz,9.017001622101054e-06,426,56,,TROPOMI
2024-07-01,santa_cruz,2.250761396443121e-05,438,56,,TROPOMI
2024-08-01,santa_cruz,3.1058862573430664e-05,436,56,,TROPOMI
2024-09-01,santa_cruz,4.8410564653279136e-05,424,56,,TROPOMI
2024-10-01,santa_cruz,2.95379521035684e-05,440,56,,TROPOMI
2024-11-01,santa_cruz,1.7944417577899748e-05,426,56,,TROPOMI
2024-12-01,santa_cruz,1.2938664234794001e-05,438,56,,TROPOMI
2025-01-01,santa_cruz,1.4050255473669164e-05,440,56,,TROPOMI
2025-02-01,santa_cruz,1.3898906661337819e-05,397,56,,TROPOMI
2025-03-01,santa_cruz,8.724020260312696e-06,439,56,,TROPOMI
2025-04-01,santa_cruz,9.61776125697884e-06,426,56,,TROPOMI
2025-05-01,santa_cruz,1.0774704798804219e-05,438,56,,TROPOMI
2025-06-01,santa_cruz,8.779378178959934e-06,426,56,,TROPOMI
2025-07-01,santa_cruz,1.815336987440828e-05,440,56,,TROPOMI
2025-08-01,santa_cruz,2.7267963828413827e-05,439,56,,TROPOMI
2025-09-01,santa_cruz,3.647052895278255e-05,422,56,,TROPOMI
2025-10-01,santa_cruz,2.2578486822201654e-05,338,56,,TROPOMI
2025-11-01,santa_cruz,1.359535134673553e-05,386,56,,TROPOMI
2025-12-01,santa_cruz,1.1797164017323343e-05,440,56,,TROPOMI
2026-01-01,santa_cruz,1.29407566144592e-05,440,56,,TROPOMI
2026-02-01,santa_cruz,1.4464306236617601e-05,394,56,,TROPOMI
2026-03-01,santa_cruz,1.2693858132376012e-05,439,56,,TROPOMI
2026-04-01,santa_cruz,7.422660779139769e-06,227,56,,TROPOMI
2018-07-01,cochabamba,5.1699243018528845e-05,426,20,,TROPOMI
2018-08-01,cochabamba,5.209026600085948e-05,421,20,,TROPOMI
2018-09-01,cochabamba,4.717108557925864e-05,414,20,,TROPOMI
2018-10-01,cochabamba,3.0316346031934313e-05,427,20,,TROPOMI
2018-11-01,cochabamba,2.5022825262688382e-05,425,20,,TROPOMI
2018-12-01,cochabamba,2.4697098696587416e-05,426,20,,TROPOMI
2019-01-01,cochabamba,2.3048676661323616e-05,440,20,,TROPOMI
2019-02-01,cochabamba,2.7446414124652892e-05,396,20,,TROPOMI
2019-03-01,cochabamba,2.5248852422369984e-05,440,20,,TROPOMI
2019-04-01,cochabamba,2.9481994687303743e-05,417,20,,TROPOMI
2019-05-01,cochabamba,4.7831489347103986e-05,440,20,,TROPOMI
2019-06-01,cochabamba,5.452997700392357e-05,425,20,,TROPOMI
2019-07-01,cochabamba,5.48627354404404e-05,437,20,,TROPOMI
2019-08-01,cochabamba,6.275307450811959e-05,440,20,,TROPOMI
2019-09-01,cochabamba,5.0374422550914685e-05,425,20,,TROPOMI
2019-10-01,cochabamba,2.5538363058295858e-05,439,20,,TROPOMI
2019-11-01,cochabamba,1.7417880590992817e-05,424,20,,TROPOMI
2019-12-01,cochabamba,2.5264655567433662e-05,440,20,,TROPOMI
2020-01-01,cochabamba,2.4275065999574438e-05,439,20,,TROPOMI
2020-02-01,cochabamba,2.6673426660710526e-05,407,20,,TROPOMI
2020-03-01,cochabamba,2.279069059750775e-05,440,20,,TROPOMI
2020-04-01,cochabamba,1.1125307024242807e-05,425,20,,TROPOMI
2020-05-01,cochabamba,1.5114832465517033e-05,438,20,,TROPOMI
2020-06-01,cochabamba,2.8346448848479773e-05,425,20,,TROPOMI
2020-07-01,cochabamba,2.968431751092476e-05,439,20,,TROPOMI
2020-08-01,cochabamba,3.807502126017624e-05,437,20,,TROPOMI
2020-09-01,cochabamba,4.752894618399159e-05,425,20,,TROPOMI
2020-10-01,cochabamba,2.4703635674285874e-05,440,20,,TROPOMI
2020-11-01,cochabamba,2.5298260364422534e-05,425,20,,TROPOMI
2020-12-01,cochabamba,2.0690659123109794e-05,438,20,,TROPOMI
2021-01-01,cochabamba,2.0995074169733274e-05,437,20,,TROPOMI
2021-02-01,cochabamba,2.2879233848080947e-05,397,20,,TROPOMI
2021-03-01,cochabamba,2.170455031065176e-05,440,20,,TROPOMI
2021-04-01,cochabamba,2.652999250927018e-05,424,20,,TROPOMI
2021-05-01,cochabamba,3.1910876428494785e-05,437,20,,TROPOMI
2021-06-01,cochabamba,3.421292236490519e-05,425,20,,TROPOMI
2021-07-01,cochabamba,5.1863992693176875e-05,440,20,,TROPOMI
2021-08-01,cochabamba,4.744310780216983e-05,440,20,,TROPOMI
2021-09-01,cochabamba,4.222839582284231e-05,426,20,,TROPOMI
2021-10-01,cochabamba,2.6747525502836524e-05,438,20,,TROPOMI
2021-11-01,cochabamba,2.2090733234143995e-05,426,20,,TROPOMI
2021-12-01,cochabamba,2.276757630850589e-05,438,20,,TROPOMI
2022-01-01,cochabamba,1.8562047622893177e-05,433,20,,TROPOMI
2022-02-01,cochabamba,2.3963238641829087e-05,394,20,,TROPOMI
2022-03-01,cochabamba,2.4471757518922762e-05,440,20,,TROPOMI
2022-04-01,cochabamba,3.16703854128277e-05,424,20,,TROPOMI
2022-05-01,cochabamba,3.781018106233337e-05,426,20,,TROPOMI
2022-06-01,cochabamba,4.2172409524469575e-05,426,20,,TROPOMI
2022-07-01,cochabamba,4.902359394181677e-05,439,20,,TROPOMI
2022-08-01,cochabamba,5.3762685536350605e-05,440,20,,TROPOMI
2022-09-01,cochabamba,3.828673841415604e-05,426,20,,TROPOMI
2022-10-01,cochabamba,3.1760671541870066e-05,440,20,,TROPOMI
2022-11-01,cochabamba,2.631127270965949e-05,425,20,,TROPOMI
2022-12-01,cochabamba,2.174114891523801e-05,439,20,,TROPOMI
2023-01-01,cochabamba,2.6999225816930686e-05,440,20,,TROPOMI
2023-02-01,cochabamba,1.9863908028059898e-05,397,20,,TROPOMI
2023-03-01,cochabamba,2.0197598842439246e-05,440,20,,TROPOMI
2023-04-01,cochabamba,3.0245328278072043e-05,426,20,,TROPOMI
2023-05-01,cochabamba,4.489129804189606e-05,401,20,,TROPOMI
2023-06-01,cochabamba,5.231414057783971e-05,392,20,,TROPOMI
2023-07-01,cochabamba,6.021679281832945e-05,414,20,,TROPOMI
2023-08-01,cochabamba,6.149972209689129e-05,439,20,,TROPOMI
2023-09-01,cochabamba,4.2903851539601296e-05,425,20,,TROPOMI
2023-10-01,cochabamba,3.113741714971245e-05,440,20,,TROPOMI
2023-11-01,cochabamba,1.9189840554911392e-05,425,20,,TROPOMI
2023-12-01,cochabamba,1.727741288430299e-05,438,20,,TROPOMI
2024-01-01,cochabamba,2.1571695465085607e-05,432,20,,TROPOMI
2024-02-01,cochabamba,1.5461714597920784e-05,407,20,,TROPOMI
2024-03-01,cochabamba,2.0538029850449534e-05,433,20,,TROPOMI
2024-04-01,cochabamba,3.2748707489913624e-05,425,20,,TROPOMI
2024-05-01,cochabamba,4.211122804928175e-05,439,20,,TROPOMI
2024-06-01,cochabamba,5.3976406913529665e-05,426,20,,TROPOMI
2024-07-01,cochabamba,5.1151953137128894e-05,438,20,,TROPOMI
2024-08-01,cochabamba,5.4938120383767064e-05,436,20,,TROPOMI
2024-09-01,cochabamba,4.435046391777956e-05,424,20,,TROPOMI
2024-10-01,cochabamba,3.491246813337524e-05,440,20,,TROPOMI
2024-11-01,cochabamba,2.533827559012776e-05,426,20,,TROPOMI
2024-12-01,cochabamba,2.4782115532561915e-05,438,20,,TROPOMI
2025-01-01,cochabamba,2.469011564084862e-05,440,20,,TROPOMI
2025-02-01,cochabamba,1.924715235585203e-05,397,20,,TROPOMI
2025-03-01,cochabamba,1.8734210545235032e-05,439,20,,TROPOMI
2025-04-01,cochabamba,2.6048074703991073e-05,426,20,,TROPOMI
2025-05-01,cochabamba,4.2594752284829495e-05,438,20,,TROPOMI
2025-06-01,cochabamba,3.684665661556525e-05,426,20,,TROPOMI
2025-07-01,cochabamba,5.2377077347154936e-05,440,20,,TROPOMI
2025-08-01,cochabamba,4.896935115340303e-05,439,20,,TROPOMI
2025-09-01,cochabamba,3.859396154707986e-05,422,20,,TROPOMI
2025-10-01,cochabamba,3.3153240655924305e-05,338,20,,TROPOMI
2025-11-01,cochabamba,2.2256094096591164e-05,386,20,,TROPOMI
2025-12-01,cochabamba,2.5155697790891053e-05,440,20,,TROPOMI
2026-01-01,cochabamba,2.0045644389177504e-05,440,20,,TROPOMI
2026-02-01,cochabamba,2.384211951109081e-05,394,20,,TROPOMI
2026-03-01,cochabamba,3.075605199077136e-05,439,20,,TROPOMI
2026-04-01,cochabamba,2.5796992619988878e-05,227,20,,TROPOMI
2018-07-01,sucre,1.3976917483720152e-05,426,4,,TROPOMI
2018-08-01,sucre,1.9189686598570173e-05,421,4,,TROPOMI
2018-09-01,sucre,1.8365382341313308e-05,414,4,,TROPOMI
2018-10-01,sucre,1.6911488373717163e-05,427,4,,TROPOMI
2018-11-01,sucre,1.1332776123608333e-05,425,4,,TROPOMI
2018-12-01,sucre,8.473255808759341e-06,426,4,,TROPOMI
2019-01-01,sucre,1.030649608203982e-05,440,4,,TROPOMI
2019-02-01,sucre,9.471835679379422e-06,396,4,,TROPOMI
2019-03-01,sucre,6.091404268660343e-06,440,4,,TROPOMI
2019-04-01,sucre,7.427045547876199e-06,417,4,,TROPOMI
2019-05-01,sucre,1.2330866269449535e-05,440,4,,TROPOMI
2019-06-01,sucre,1.8836644379875363e-05,425,4,,TROPOMI
2019-07-01,sucre,1.6965342776847746e-05,437,4,,TROPOMI
2019-08-01,sucre,2.0749067811245894e-05,440,4,,TROPOMI
2019-09-01,sucre,2.1038653957545997e-05,425,4,,TROPOMI
2019-10-01,sucre,9.516279979902091e-06,439,4,,TROPOMI
2019-11-01,sucre,8.807789710782653e-06,424,4,,TROPOMI
2019-12-01,sucre,1.0111186082736946e-05,440,4,,TROPOMI
2020-01-01,sucre,1.4297292614429952e-05,439,4,,TROPOMI
2020-02-01,sucre,1.0225349478555678e-05,407,4,,TROPOMI
2020-03-01,sucre,7.356587732371205e-06,440,4,,TROPOMI
2020-04-01,sucre,6.731392873356837e-06,425,4,,TROPOMI
2020-05-01,sucre,6.393540265160004e-06,438,4,,TROPOMI
2020-06-01,sucre,8.181206281099729e-06,425,4,,TROPOMI
2020-07-01,sucre,1.0065133098961366e-05,439,4,,TROPOMI
2020-08-01,sucre,1.5791964101401203e-05,437,4,,TROPOMI
2020-09-01,sucre,2.009361507404836e-05,425,4,,TROPOMI
2020-10-01,sucre,1.5117450275967031e-05,440,4,,TROPOMI
2020-11-01,sucre,1.0052482706921224e-05,425,4,,TROPOMI
2020-12-01,sucre,1.1525571999460722e-05,438,4,,TROPOMI
2021-01-01,sucre,9.54716468393264e-06,437,4,,TROPOMI
2021-02-01,sucre,1.1499025907704973e-05,397,4,,TROPOMI
2021-03-01,sucre,1.0225522632594804e-05,440,4,,TROPOMI
2021-04-01,sucre,6.657430861386949e-06,424,4,,TROPOMI
2021-05-01,sucre,9.481555585061799e-06,437,4,,TROPOMI
2021-06-01,sucre,9.671110013025742e-06,425,4,,TROPOMI
2021-07-01,sucre,1.2269662422051328e-05,440,4,,TROPOMI
2021-08-01,sucre,1.4950625033559603e-05,440,4,,TROPOMI
2021-09-01,sucre,1.842192107347328e-05,426,4,,TROPOMI
2021-10-01,sucre,7.508981015857574e-06,438,4,,TROPOMI
2021-11-01,sucre,7.187770897244006e-06,426,4,,TROPOMI
2021-12-01,sucre,1.0442153553888869e-05,438,4,,TROPOMI
2022-01-01,sucre,1.1465727200602183e-05,433,4,,TROPOMI
2022-02-01,sucre,8.61402164563632e-06,394,4,,TROPOMI
2022-03-01,sucre,9.694532293624567e-06,440,4,,TROPOMI
2022-04-01,sucre,7.0684464465215335e-06,424,4,,TROPOMI
2022-05-01,sucre,9.386238253933616e-06,426,4,,TROPOMI
2022-06-01,sucre,1.1683312287962139e-05,426,4,,TROPOMI
2022-07-01,sucre,1.1420814369129971e-05,439,4,,TROPOMI
2022-08-01,sucre,1.6863738349144097e-05,440,4,,TROPOMI
2022-09-01,sucre,1.610168866208663e-05,426,4,,TROPOMI
2022-10-01,sucre,1.2599202815074274e-05,440,4,,TROPOMI
2022-11-01,sucre,1.0582518563464812e-05,425,4,,TROPOMI
2022-12-01,sucre,5.669033139775965e-06,439,4,,TROPOMI
2023-01-01,sucre,7.229799474669218e-06,440,4,,TROPOMI
2023-02-01,sucre,6.941833285555563e-06,397,4,,TROPOMI
2023-03-01,sucre,7.0197934205150074e-06,440,4,,TROPOMI
2023-04-01,sucre,7.961616761648801e-06,426,4,,TROPOMI
2023-05-01,sucre,1.235981489090751e-05,401,4,,TROPOMI
2023-06-01,sucre,1.3455659596354199e-05,392,4,,TROPOMI
2023-07-01,sucre,1.4934059396702773e-05,414,4,,TROPOMI
2023-08-01,sucre,2.1075174143085146e-05,439,4,,TROPOMI
2023-09-01,sucre,1.7063306896450377e-05,425,4,,TROPOMI
2023-10-01,sucre,1.037182429366318e-05,440,4,,TROPOMI
2023-11-01,sucre,8.950059890888863e-06,425,4,,TROPOMI
2023-12-01,sucre,7.047115298515806e-06,438,4,,TROPOMI
2024-01-01,sucre,6.30419265670607e-06,432,4,,TROPOMI
2024-02-01,sucre,8.548031281746297e-06,407,4,,TROPOMI
2024-03-01,sucre,7.021076127497267e-06,433,4,,TROPOMI
2024-04-01,sucre,8.197868845617403e-06,425,4,,TROPOMI
2024-05-01,sucre,1.317617216269908e-05,439,4,,TROPOMI
2024-06-01,sucre,1.4463071402443522e-05,426,4,,TROPOMI
2024-07-01,sucre,1.601339411470546e-05,438,4,,TROPOMI
2024-08-01,sucre,1.5629082585520076e-05,436,4,,TROPOMI
2024-09-01,sucre,1.6756260874940553e-05,424,4,,TROPOMI
2024-10-01,sucre,1.4860831397190008e-05,440,4,,TROPOMI
2024-11-01,sucre,9.762326179799922e-06,426,4,,TROPOMI
2024-12-01,sucre,5.808581877217955e-06,438,4,,TROPOMI
2025-01-01,sucre,9.000134331002075e-06,440,4,,TROPOMI
2025-02-01,sucre,9.681232621932184e-06,397,4,,TROPOMI
2025-03-01,sucre,6.747956401056351e-06,439,4,,TROPOMI
2025-04-01,sucre,7.681438426608486e-06,426,4,,TROPOMI
2025-05-01,sucre,1.1494533365538913e-05,438,4,,TROPOMI
2025-06-01,sucre,7.791046810341272e-06,426,4,,TROPOMI
2025-07-01,sucre,1.508322161901025e-05,440,4,,TROPOMI
2025-08-01,sucre,1.4824357362686266e-05,439,4,,TROPOMI
2025-09-01,sucre,1.4396142297914367e-05,422,4,,TROPOMI
2025-10-01,sucre,1.4566734203921914e-05,338,4,,TROPOMI
2025-11-01,sucre,7.969647001023669e-06,386,4,,TROPOMI
2025-12-01,sucre,1.0852074455312708e-05,440,4,,TROPOMI
2026-01-01,sucre,1.043177272538033e-05,440,4,,TROPOMI
2026-02-01,sucre,1.1267089205533626e-05,394,4,,TROPOMI
2026-03-01,sucre,8.328584961067336e-06,439,4,,TROPOMI
2026-04-01,sucre,7.601793134157951e-06,227,4,,TROPOMI
2018-07-01,oruro,6.192971338359651e-06,426,4,,TROPOMI
2018-08-01,oruro,1.0941691105288009e-05,421,4,,TROPOMI
2018-09-01,oruro,1.0039790427659562e-05,414,4,,TROPOMI
2018-10-01,oruro,1.0916360448724264e-05,427,4,,TROPOMI
2018-11-01,oruro,1.0602815007684241e-05,425,4,,TROPOMI
2018-12-01,oruro,8.389344416918007e-06,426,4,,TROPOMI
2019-01-01,oruro,8.520585438228103e-06,440,4,,TROPOMI
2019-02-01,oruro,8.089131924460315e-06,396,4,,TROPOMI
2019-03-01,oruro,7.254031366646674e-06,440,4,,TROPOMI
2019-04-01,oruro,6.811321626337296e-06,417,4,,TROPOMI
2019-05-01,oruro,5.701160904540143e-06,440,4,,TROPOMI
2019-06-01,oruro,8.152454125461835e-06,425,4,,TROPOMI
2019-07-01,oruro,8.99718561141669e-06,437,4,,TROPOMI
2019-08-01,oruro,1.2391267614737572e-05,440,4,,TROPOMI
2019-09-01,oruro,1.2674054741867309e-05,425,4,,TROPOMI
2019-10-01,oruro,6.2755115287373665e-06,439,4,,TROPOMI
2019-11-01,oruro,5.544760147321889e-06,424,4,,TROPOMI
2019-12-01,oruro,7.5905715904932394e-06,440,4,,TROPOMI
2020-01-01,oruro,1.0093078054845564e-05,439,4,,TROPOMI
2020-02-01,oruro,6.097820545237442e-06,407,4,,TROPOMI
2020-03-01,oruro,5.540792351090681e-06,440,4,,TROPOMI
2020-04-01,oruro,4.362839030109429e-06,425,4,,TROPOMI
2020-05-01,oruro,3.274138541549525e-06,438,4,,TROPOMI
2020-06-01,oruro,4.640048095323474e-06,425,4,,TROPOMI
2020-07-01,oruro,9.065342205764773e-06,439,4,,TROPOMI
2020-08-01,oruro,9.162379458536266e-06,437,4,,TROPOMI
2020-09-01,oruro,1.4657500359400723e-05,425,4,,TROPOMI
2020-10-01,oruro,6.890606970098488e-06,440,4,,TROPOMI
2020-11-01,oruro,3.4737418852945854e-06,425,4,,TROPOMI
2020-12-01,oruro,3.377103785184828e-06,438,4,,TROPOMI
2021-01-01,oruro,8.761608774312874e-06,437,4,,TROPOMI
2021-02-01,oruro,7.930768611494456e-06,397,4,,TROPOMI
2021-03-01,oruro,7.486447865167086e-06,440,4,,TROPOMI
2021-04-01,oruro,6.273591659489671e-06,424,4,,TROPOMI
2021-05-01,oruro,6.042695161300651e-06,437,4,,TROPOMI
2021-06-01,oruro,6.1080163836143975e-06,425,4,,TROPOMI
2021-07-01,oruro,8.799418501750195e-06,440,4,,TROPOMI
2021-08-01,oruro,9.038155910816274e-06,440,4,,TROPOMI
2021-09-01,oruro,1.1618958774059738e-05,426,4,,TROPOMI
2021-10-01,oruro,5.369839960991214e-06,438,4,,TROPOMI
2021-11-01,oruro,5.38465004591394e-06,426,4,,TROPOMI
2021-12-01,oruro,9.69284174435615e-06,438,4,,TROPOMI
2022-01-01,oruro,6.786217841425489e-06,433,4,,TROPOMI
2022-02-01,oruro,6.5504151123757216e-06,394,4,,TROPOMI
2022-03-01,oruro,5.753639333435318e-06,440,4,,TROPOMI
2022-04-01,oruro,4.52901764678787e-06,424,4,,TROPOMI
2022-05-01,oruro,6.5693517439900715e-06,426,4,,TROPOMI
2022-06-01,oruro,6.9154384867880955e-06,426,4,,TROPOMI
2022-07-01,oruro,9.393674106231987e-06,439,4,,TROPOMI
2022-08-01,oruro,1.0814864221382535e-05,440,4,,TROPOMI
2022-09-01,oruro,9.105169737444455e-06,426,4,,TROPOMI
2022-10-01,oruro,7.310317278472519e-06,440,4,,TROPOMI
2022-11-01,oruro,6.758491975053247e-06,425,4,,TROPOMI
2022-12-01,oruro,7.651205469693299e-06,439,4,,TROPOMI
2023-01-01,oruro,8.143930853775769e-06,440,4,,TROPOMI
2023-02-01,oruro,7.248070946336238e-06,397,4,,TROPOMI
2023-03-01,oruro,6.022367491748447e-06,440,4,,TROPOMI
2023-04-01,oruro,7.1861649245686904e-06,426,4,,TROPOMI
2023-05-01,oruro,1.075406876281468e-05,401,4,,TROPOMI
2023-06-01,oruro,1.2562086902674902e-05,392,4,,TROPOMI
2023-07-01,oruro,1.2769443052317794e-05,414,4,,TROPOMI
2023-08-01,oruro,1.2208353333370226e-05,439,4,,TROPOMI
2023-09-01,oruro,1.2538877538878781e-05,425,4,,TROPOMI
2023-10-01,oruro,6.460372371300586e-06,440,4,,TROPOMI
2023-11-01,oruro,6.257386562599834e-06,425,4,,TROPOMI
2023-12-01,oruro,5.905020922491007e-06,438,4,,TROPOMI
2024-01-01,oruro,6.8441275583040125e-06,432,4,,TROPOMI
2024-02-01,oruro,6.549401707883573e-06,407,4,,TROPOMI
2024-03-01,oruro,3.6936544936339375e-06,433,4,,TROPOMI
2024-04-01,oruro,7.619579238682607e-06,425,4,,TROPOMI
2024-05-01,oruro,7.695971932194529e-06,439,4,,TROPOMI
2024-06-01,oruro,1.0489338415326275e-05,426,4,,TROPOMI
2024-07-01,oruro,9.755662840030145e-06,438,4,,TROPOMI
2024-08-01,oruro,1.0858762957904679e-05,436,4,,TROPOMI
2024-09-01,oruro,9.357269375787691e-06,424,4,,TROPOMI
2024-10-01,oruro,1.014186960719297e-05,440,4,,TROPOMI
2024-11-01,oruro,9.888174365848594e-06,426,4,,TROPOMI
2024-12-01,oruro,8.92790435472205e-06,438,4,,TROPOMI
2025-01-01,oruro,7.811909544277322e-06,440,4,,TROPOMI
2025-02-01,oruro,7.76789958563385e-06,397,4,,TROPOMI
2025-03-01,oruro,5.688306388694651e-06,439,4,,TROPOMI
2025-04-01,oruro,7.935962638929333e-06,426,4,,TROPOMI
2025-05-01,oruro,1.0800846892758123e-05,438,4,,TROPOMI
2025-06-01,oruro,5.6278784778754125e-06,426,4,,TROPOMI
2025-07-01,oruro,1.2137718885868642e-05,440,4,,TROPOMI
2025-08-01,oruro,9.662228519020469e-06,439,4,,TROPOMI
2025-09-01,oruro,1.106441586626239e-05,422,4,,TROPOMI
2025-10-01,oruro,1.0218489103152137e-05,338,4,,TROPOMI
2025-11-01,oruro,8.63044805769297e-06,386,4,,TROPOMI
2025-12-01,oruro,1.3990356068987163e-05,440,4,,TROPOMI
2026-01-01,oruro,9.0941308925361e-06,440,4,,TROPOMI
2026-02-01,oruro,7.044244271203555e-06,394,4,,TROPOMI
2026-03-01,oruro,9.772498376291784e-06,439,4,,TROPOMI
2026-04-01,oruro,7.573848769656831e-06,227,4,,TROPOMI
2018-07-01,potosi,5.397828434869555e-06,426,2,,TROPOMI
2018-08-01,potosi,1.0612172732254325e-05,421,2,,TROPOMI
2018-09-01,potosi,1.1186030246895736e-05,414,2,,TROPOMI
2018-10-01,potosi,6.869446017732881e-06,427,2,,TROPOMI
2018-11-01,potosi,7.727582291940237e-06,425,2,,TROPOMI
2018-12-01,potosi,7.96878636471609e-06,426,2,,TROPOMI
2019-01-01,potosi,5.612667951049627e-06,440,2,,TROPOMI
2019-02-01,potosi,7.600233305585156e-06,396,2,,TROPOMI
2019-03-01,potosi,6.593042856247485e-06,440,2,,TROPOMI
2019-04-01,potosi,6.986136867300653e-06,417,2,,TROPOMI
2019-05-01,potosi,7.665735251495101e-06,440,2,,TROPOMI
2019-06-01,potosi,8.180177998530342e-06,425,2,,TROPOMI
2019-07-01,potosi,1.0747463452016734e-05,437,2,,TROPOMI
2019-08-01,potosi,1.5435626329868365e-05,440,2,,TROPOMI
2019-09-01,potosi,1.4127637666912499e-05,425,2,,TROPOMI
2019-10-01,potosi,8.277948841238848e-06,439,2,,TROPOMI
2019-11-01,potosi,4.810282252004884e-06,424,2,,TROPOMI
2019-12-01,potosi,6.124759652047422e-06,440,2,,TROPOMI
2020-01-01,potosi,1.127673423343737e-05,439,2,,TROPOMI
2020-02-01,potosi,8.671555718524163e-06,407,2,,TROPOMI
2020-03-01,potosi,6.002300196226788e-06,440,2,,TROPOMI
2020-04-01,potosi,3.9202427778524275e-06,425,2,,TROPOMI
2020-05-01,potosi,3.673333781019571e-06,438,2,,TROPOMI
2020-06-01,potosi,4.9600570510219215e-06,425,2,,TROPOMI
2020-07-01,potosi,6.93439957070427e-06,439,2,,TROPOMI
2020-08-01,potosi,1.0438517551706204e-05,437,2,,TROPOMI
2020-09-01,potosi,1.2173456043491468e-05,425,2,,TROPOMI
2020-10-01,potosi,8.375239683575669e-06,440,2,,TROPOMI
2020-11-01,potosi,6.8925252593629315e-06,425,2,,TROPOMI
2020-12-01,potosi,5.712579721113195e-06,438,2,,TROPOMI
2021-01-01,potosi,4.768404334182504e-06,437,2,,TROPOMI
2021-02-01,potosi,9.219074671678659e-06,397,2,,TROPOMI
2021-03-01,potosi,4.442590847305705e-06,440,2,,TROPOMI
2021-04-01,potosi,6.20534773556965e-06,424,2,,TROPOMI
2021-05-01,potosi,4.65810559293479e-06,437,2,,TROPOMI
2021-06-01,potosi,7.022971144898147e-06,425,2,,TROPOMI
2021-07-01,potosi,6.844304464911119e-06,440,2,,TROPOMI
2021-08-01,potosi,1.1989955637169129e-05,440,2,,TROPOMI
2021-09-01,potosi,1.2986696492117512e-05,426,2,,TROPOMI
2021-10-01,potosi,5.695402366787269e-06,438,2,,TROPOMI
2021-11-01,potosi,1.8608678433984627e-06,426,2,,TROPOMI
2021-12-01,potosi,9.692399389513562e-06,438,2,,TROPOMI
2022-01-01,potosi,1.3901717933189887e-06,433,2,,TROPOMI
2022-02-01,potosi,5.014475667976172e-06,394,2,,TROPOMI
2022-03-01,potosi,3.881218270755358e-06,440,2,,TROPOMI
2022-04-01,potosi,5.925853485345168e-06,424,2,,TROPOMI
2022-05-01,potosi,6.425646600067197e-06,426,2,,TROPOMI
2022-06-01,potosi,8.350182351690742e-06,426,2,,TROPOMI
2022-07-01,potosi,9.754539902783334e-06,439,2,,TROPOMI
2022-08-01,potosi,1.051533561166239e-05,440,2,,TROPOMI
2022-09-01,potosi,1.0426139902127345e-05,426,2,,TROPOMI
2022-10-01,potosi,8.275886239591788e-06,440,2,,TROPOMI
2022-11-01,potosi,7.010500875448195e-06,425,2,,TROPOMI
2022-12-01,potosi,5.045899528166675e-06,439,2,,TROPOMI
2023-01-01,potosi,7.546300916383377e-06,440,2,,TROPOMI
2023-02-01,potosi,7.525022311181292e-06,397,2,,TROPOMI
2023-03-01,potosi,4.8823371727929605e-06,440,2,,TROPOMI
2023-04-01,potosi,7.259019586695432e-06,426,2,,TROPOMI
2023-05-01,potosi,7.3700651523804344e-06,401,2,,TROPOMI
2023-06-01,potosi,1.0712579860705513e-05,392,2,,TROPOMI
2023-07-01,potosi,1.1999372565658149e-05,414,2,,TROPOMI
2023-08-01,potosi,1.0354033482217578e-05,439,2,,TROPOMI
2023-09-01,potosi,1.1287884798824388e-05,425,2,,TROPOMI
2023-10-01,potosi,8.428316647412998e-06,440,2,,TROPOMI
2023-11-01,potosi,1.3326530236204647e-06,425,2,,TROPOMI
2023-12-01,potosi,5.699427054739083e-06,438,2,,TROPOMI
2024-01-01,potosi,7.841957869203873e-06,432,2,,TROPOMI
2024-02-01,potosi,9.491473626443587e-06,407,2,,TROPOMI
2024-03-01,potosi,6.6748527398194426e-06,433,2,,TROPOMI
2024-04-01,potosi,1.0060168530385716e-05,425,2,,TROPOMI
2024-05-01,potosi,5.434091936456648e-06,439,2,,TROPOMI
2024-06-01,potosi,8.885356644692252e-06,426,2,,TROPOMI
2024-07-01,potosi,1.0597322414976252e-05,438,2,,TROPOMI
2024-08-01,potosi,1.0248030906211109e-05,436,2,,TROPOMI
2024-09-01,potosi,1.4427142982624739e-05,424,2,,TROPOMI
2024-10-01,potosi,9.950506085619251e-06,440,2,,TROPOMI
2024-11-01,potosi,4.4553869473384345e-06,426,2,,TROPOMI
2024-12-01,potosi,7.1587989444983615e-06,438,2,,TROPOMI
2025-01-01,potosi,1.0524320559977342e-05,440,2,,TROPOMI
2025-02-01,potosi,6.921075520968085e-06,397,2,,TROPOMI
2025-03-01,potosi,7.812998117456474e-06,439,2,,TROPOMI
2025-04-01,potosi,8.141890724925933e-06,426,2,,TROPOMI
2025-05-01,potosi,9.742099853156411e-06,438,2,,TROPOMI
2025-06-01,potosi,5.280393406783687e-06,426,2,,TROPOMI
2025-07-01,potosi,1.2703565431276263e-05,440,2,,TROPOMI
2025-08-01,potosi,8.15532000036871e-06,439,2,,TROPOMI
2025-09-01,potosi,1.126278733107025e-05,422,2,,TROPOMI
2025-10-01,potosi,7.364607750759853e-06,338,2,,TROPOMI
2025-11-01,potosi,7.540028795935249e-06,386,2,,TROPOMI
2025-12-01,potosi,1.0033906093065526e-05,440,2,,TROPOMI
2026-01-01,potosi,5.816143970123834e-06,440,2,,TROPOMI
2026-02-01,potosi,9.774734348236903e-06,394,2,,TROPOMI
2026-03-01,potosi,1.069023550032261e-05,439,2,,TROPOMI
2026-04-01,potosi,7.321662782108738e-06,227,2,,TROPOMI
2018-07-01,tarija,1.6890030556598077e-05,426,4,,TROPOMI
2018-08-01,tarija,1.87460084469211e-05,421,4,,TROPOMI
2018-09-01,tarija,1.7254503310046358e-05,414,4,,TROPOMI
2018-10-01,tarija,2.2242972223774785e-05,427,4,,TROPOMI
2018-11-01,tarija,1.1933718900290621e-05,425,4,,TROPOMI
2018-12-01,tarija,8.292021365342903e-06,426,4,,TROPOMI
2019-01-01,tarija,1.4720138559996348e-05,440,4,,TROPOMI
2019-02-01,tarija,1.0081809796301613e-05,396,4,,TROPOMI
2019-03-01,tarija,9.758127256724312e-06,440,4,,TROPOMI
2019-04-01,tarija,9.740898602454826e-06,417,4,,TROPOMI
2019-05-01,tarija,1.1913515372870132e-05,440,4,,TROPOMI
2019-06-01,tarija,1.4921638688759502e-05,425,4,,TROPOMI
2019-07-01,tarija,1.8523071925684154e-05,437,4,,TROPOMI
2019-08-01,tarija,1.976607454024805e-05,440,4,,TROPOMI
2019-09-01,tarija,1.89245425008008e-05,425,4,,TROPOMI
2019-10-01,tarija,1.1372383861589717e-05,439,4,,TROPOMI
2019-11-01,tarija,9.621583552422862e-06,424,4,,TROPOMI
2019-12-01,tarija,1.078317562989116e-05,440,4,,TROPOMI
2020-01-01,tarija,1.2723608712503973e-05,439,4,,TROPOMI
2020-02-01,tarija,1.2105990036029056e-05,407,4,,TROPOMI
2020-03-01,tarija,1.049628610737841e-05,440,4,,TROPOMI
2020-04-01,tarija,6.911680215395438e-06,425,4,,TROPOMI
2020-05-01,tarija,7.927504448376195e-06,438,4,,TROPOMI
2020-06-01,tarija,8.154710399426896e-06,425,4,,TROPOMI
2020-07-01,tarija,1.1363178983629144e-05,439,4,,TROPOMI
2020-08-01,tarija,1.615721667663684e-05,437,4,,TROPOMI
2020-09-01,tarija,1.8648351286612133e-05,425,4,,TROPOMI
2020-10-01,tarija,1.3398028014789168e-05,440,4,,TROPOMI
2020-11-01,tarija,1.3238702887225724e-05,425,4,,TROPOMI
2020-12-01,tarija,1.0992278555840751e-05,438,4,,TROPOMI
2021-01-01,tarija,8.591406428656634e-06,437,4,,TROPOMI
2021-02-01,tarija,1.0148836077136655e-05,397,4,,TROPOMI
2021-03-01,tarija,7.417907735406398e-06,440,4,,TROPOMI
2021-04-01,tarija,1.0607981745705784e-05,424,4,,TROPOMI
2021-05-01,tarija,1.2216053197694543e-05,437,4,,TROPOMI
2021-06-01,tarija,1.1445568464466592e-05,425,4,,TROPOMI
2021-07-01,tarija,1.3760897172374595e-05,440,4,,TROPOMI
2021-08-01,tarija,1.5158914569625576e-05,440,4,,TROPOMI
2021-09-01,tarija,1.963074806953835e-05,426,4,,TROPOMI
2021-10-01,tarija,8.704814137520808e-06,438,4,,TROPOMI
2021-11-01,tarija,9.191543314516988e-06,426,4,,TROPOMI
2021-12-01,tarija,7.45695660503349e-06,438,4,,TROPOMI
2022-01-01,tarija,7.790997069202174e-06,433,4,,TROPOMI
2022-02-01,tarija,1.0481966392081345e-05,394,4,,TROPOMI
2022-03-01,tarija,7.330271465900426e-06,440,4,,TROPOMI
2022-04-01,tarija,1.1457188300853284e-05,424,4,,TROPOMI
2022-05-01,tarija,1.3008584749779435e-05,426,4,,TROPOMI
2022-06-01,tarija,1.4163743629581094e-05,426,4,,TROPOMI
2022-07-01,tarija,1.714645832688964e-05,439,4,,TROPOMI
2022-08-01,tarija,1.7509349162841697e-05,440,4,,TROPOMI
2022-09-01,tarija,1.4698815525304042e-05,426,4,,TROPOMI
2022-10-01,tarija,1.489428498061756e-05,440,4,,TROPOMI
2022-11-01,tarija,1.3469181695379915e-05,425,4,,TROPOMI
2022-12-01,tarija,9.479533761233792e-06,439,4,,TROPOMI
2023-01-01,tarija,1.131260833274709e-05,440,4,,TROPOMI
2023-02-01,tarija,8.347404966386896e-06,397,4,,TROPOMI
2023-03-01,tarija,5.99676702725519e-06,440,4,,TROPOMI
2023-04-01,tarija,9.111856255778781e-06,426,4,,TROPOMI
2023-05-01,tarija,1.1762298074087606e-05,401,4,,TROPOMI
2023-06-01,tarija,1.5889941769779582e-05,392,4,,TROPOMI
2023-07-01,tarija,1.6924382550610336e-05,414,4,,TROPOMI
2023-08-01,tarija,1.6268858851488372e-05,439,4,,TROPOMI
2023-09-01,tarija,1.9082338040077485e-05,425,4,,TROPOMI
2023-10-01,tarija,1.8310884583981242e-05,440,4,,TROPOMI
2023-11-01,tarija,8.63879244618213e-06,425,4,,TROPOMI
2023-12-01,tarija,8.854387107401486e-06,438,4,,TROPOMI
2024-01-01,tarija,9.566707220638009e-06,432,4,,TROPOMI
2024-02-01,tarija,7.554390929655089e-06,407,4,,TROPOMI
2024-03-01,tarija,8.66975002376286e-06,433,4,,TROPOMI
2024-04-01,tarija,1.430610236215013e-05,425,4,,TROPOMI
2024-05-01,tarija,1.600258142401662e-05,439,4,,TROPOMI
2024-06-01,tarija,1.784519500837854e-05,426,4,,TROPOMI
2024-07-01,tarija,1.818482514874903e-05,438,4,,TROPOMI
2024-08-01,tarija,1.6862791129383045e-05,436,4,,TROPOMI
2024-09-01,tarija,2.1839022475665018e-05,424,4,,TROPOMI
2024-10-01,tarija,2.0218691753436886e-05,440,4,,TROPOMI
2024-11-01,tarija,1.2176107541316677e-05,426,4,,TROPOMI
2024-12-01,tarija,1.1060254414502226e-05,438,4,,TROPOMI
2025-01-01,tarija,8.740892397266166e-06,440,4,,TROPOMI
2025-02-01,tarija,9.099356727562509e-06,397,4,,TROPOMI
2025-03-01,tarija,6.893233204827822e-06,439,4,,TROPOMI
2025-04-01,tarija,1.2670706170558422e-05,426,4,,TROPOMI
2025-05-01,tarija,1.3617401833851717e-05,438,4,,TROPOMI
2025-06-01,tarija,9.137522937049146e-06,426,4,,TROPOMI
2025-07-01,tarija,1.837198021968412e-05,440,4,,TROPOMI
2025-08-01,tarija,1.5006341878409302e-05,439,4,,TROPOMI
2025-09-01,tarija,1.6880585182205062e-05,422,4,,TROPOMI
2025-10-01,tarija,1.427715922049409e-05,338,4,,TROPOMI
2025-11-01,tarija,1.1797924255829988e-05,386,4,,TROPOMI
2025-12-01,tarija,1.0983679653428995e-05,440,4,,TROPOMI
2026-01-01,tarija,1.0891916338597406e-05,440,4,,TROPOMI
2026-02-01,tarija,1.121170501673097e-05,394,4,,TROPOMI
2026-03-01,tarija,9.822201865044325e-06,439,4,,TROPOMI
2026-04-01,tarija,1.1447147613849382e-05,227,4,,TROPOMI
2018-07-01,trinidad,1.4987384694510483e-05,426,4,,TROPOMI
2018-08-01,trinidad,3.46256094959259e-05,421,4,,TROPOMI
2018-09-01,trinidad,3.683342709340034e-05,414,4,,TROPOMI
2018-10-01,trinidad,1.6509512207287134e-05,427,4,,TROPOMI
2018-11-01,trinidad,1.0200835213867237e-05,425,4,,TROPOMI
2018-12-01,trinidad,6.798908134569147e-06,426,4,,TROPOMI
2019-01-01,trinidad,9.577480160225336e-06,440,4,,TROPOMI
2019-02-01,trinidad,8.944304763870967e-06,396,4,,TROPOMI
2019-03-01,trinidad,5.611395236984094e-06,440,4,,TROPOMI
2019-04-01,trinidad,5.954448790219621e-06,417,4,,TROPOMI
2019-05-01,trinidad,8.140602306684357e-06,440,4,,TROPOMI
2019-06-01,trinidad,8.45361321571199e-06,425,4,,TROPOMI
2019-07-01,trinidad,1.3340991469661841e-05,437,4,,TROPOMI
2019-08-01,trinidad,2.3578075799678566e-05,440,4,,TROPOMI
2019-09-01,trinidad,3.907136807464326e-05,425,4,,TROPOMI
2019-10-01,trinidad,2.39665664030459e-05,439,4,,TROPOMI
2019-11-01,trinidad,1.0623596449055988e-05,424,4,,TROPOMI
2019-12-01,trinidad,6.88282641447986e-06,440,4,,TROPOMI
2020-01-01,trinidad,9.803867337004597e-06,439,4,,TROPOMI
2020-02-01,trinidad,8.240670268836513e-06,407,4,,TROPOMI
2020-03-01,trinidad,8.2255574251791e-06,440,4,,TROPOMI
2020-04-01,trinidad,6.296418512691544e-06,425,4,,TROPOMI
2020-05-01,trinidad,6.299754167265539e-06,438,4,,TROPOMI
2020-06-01,trinidad,8.830053158532115e-06,425,4,,TROPOMI
2020-07-01,trinidad,1.5848543524865016e-05,439,4,,TROPOMI
2020-08-01,trinidad,2.4885746403563342e-05,437,4,,TROPOMI
2020-09-01,trinidad,3.469036849528957e-05,425,4,,TROPOMI
2020-10-01,trinidad,1.526068041872831e-05,440,4,,TROPOMI
2020-11-01,trinidad,1.4846836280774539e-05,425,4,,TROPOMI
2020-12-01,trinidad,1.117096689614491e-05,438,4,,TROPOMI
2021-01-01,trinidad,1.2141146269510872e-05,437,4,,TROPOMI
2021-02-01,trinidad,1.1361090828979856e-05,397,4,,TROPOMI
2021-03-01,trinidad,7.2311953267126974e-06,440,4,,TROPOMI
2021-04-01,trinidad,7.662258489507033e-06,424,4,,TROPOMI
2021-05-01,trinidad,8.227237179594237e-06,437,4,,TROPOMI
2021-06-01,trinidad,1.1512588565773092e-05,425,4,,TROPOMI
2021-07-01,trinidad,2.1779082821560675e-05,440,4,,TROPOMI
2021-08-01,trinidad,3.929689692709228e-05,440,4,,TROPOMI
2021-09-01,trinidad,3.35474157867206e-05,426,4,,TROPOMI
2021-10-01,trinidad,2.871199716299647e-05,438,4,,TROPOMI
2021-11-01,trinidad,1.1933913769437214e-05,426,4,,TROPOMI
2021-12-01,trinidad,9.602359684357469e-06,438,4,,TROPOMI
2022-01-01,trinidad,9.755372257274675e-06,433,4,,TROPOMI
2022-02-01,trinidad,7.714948727192165e-06,394,4,,TROPOMI
2022-03-01,trinidad,9.335406191010514e-06,440,4,,TROPOMI
2022-04-01,trinidad,6.791861485618047e-06,424,4,,TROPOMI
2022-05-01,trinidad,8.14511874778199e-06,426,4,,TROPOMI
2022-06-01,trinidad,1.0750826954133133e-05,426,4,,TROPOMI
2022-07-01,trinidad,2.628508830955903e-05,439,4,,TROPOMI
2022-08-01,trinidad,3.4235017893079515e-05,440,4,,TROPOMI
2022-09-01,trinidad,5.5641917631696206e-05,426,4,,TROPOMI
2022-10-01,trinidad,2.2672946293461422e-05,440,4,,TROPOMI
2022-11-01,trinidad,1.4064595369187556e-05,425,4,,TROPOMI
2022-12-01,trinidad,9.11366581377367e-06,439,4,,TROPOMI
2023-01-01,trinidad,7.4307689702153005e-06,440,4,,TROPOMI
2023-02-01,trinidad,8.791836812135706e-06,397,4,,TROPOMI
2023-03-01,trinidad,6.897480792494885e-06,440,4,,TROPOMI
2023-04-01,trinidad,7.687055677286598e-06,426,4,,TROPOMI
2023-05-01,trinidad,6.627231571965479e-06,401,4,,TROPOMI
2023-06-01,trinidad,1.093060064162129e-05,392,4,,TROPOMI
2023-07-01,trinidad,1.8885629290339757e-05,414,4,,TROPOMI
2023-08-01,trinidad,3.0628204281681976e-05,439,4,,TROPOMI
2023-09-01,trinidad,4.758187326371313e-05,425,4,,TROPOMI
2023-10-01,trinidad,4.343910163823457e-05,440,4,,TROPOMI
2023-11-01,trinidad,1.9277223022512772e-05,425,4,,TROPOMI
2023-12-01,trinidad,9.358805185229729e-06,438,4,,TROPOMI
2024-01-01,trinidad,5.695063535072766e-06,432,4,,TROPOMI
2024-02-01,trinidad,9.481148188495286e-06,407,4,,TROPOMI
2024-03-01,trinidad,5.129946741143027e-06,433,4,,TROPOMI
2024-04-01,trinidad,8.038994423805887e-06,425,4,,TROPOMI
2024-05-01,trinidad,6.899450458505731e-06,439,4,,TROPOMI
2024-06-01,trinidad,9.551722942547846e-06,426,4,,TROPOMI
2024-07-01,trinidad,2.44029858751191e-05,438,4,,TROPOMI
2024-08-01,trinidad,4.0596677681112075e-05,436,4,,TROPOMI
2024-09-01,trinidad,5.908584804036859e-05,424,4,,TROPOMI
2024-10-01,trinidad,4.045720937682788e-05,440,4,,TROPOMI
2024-11-01,trinidad,1.064678245965823e-05,426,4,,TROPOMI
2024-12-01,trinidad,9.937378391583427e-06,438,4,,TROPOMI
2025-01-01,trinidad,5.281397027233071e-06,440,4,,TROPOMI
2025-02-01,trinidad,8.630205133306394e-06,397,4,,TROPOMI
2025-03-01,trinidad,7.197223622711648e-06,439,4,,TROPOMI
2025-04-01,trinidad,6.077682290327982e-06,426,4,,TROPOMI
2025-05-01,trinidad,8.762352062927182e-06,438,4,,TROPOMI
2025-06-01,trinidad,9.773062243785214e-06,426,4,,TROPOMI
2025-07-01,trinidad,1.397261756185781e-05,440,4,,TROPOMI
2025-08-01,trinidad,2.713083739458693e-05,439,4,,TROPOMI
2025-09-01,trinidad,3.214026240132418e-05,422,4,,TROPOMI
2025-10-01,trinidad,2.292378546901734e-05,338,4,,TROPOMI
2025-11-01,trinidad,6.226679478076346e-06,386,4,,TROPOMI
2025-12-01,trinidad,5.334255893109328e-06,440,4,,TROPOMI
2026-01-01,trinidad,9.082563895965828e-06,440,4,,TROPOMI
2026-02-01,trinidad,9.585838119374238e-06,394,4,,TROPOMI
2026-03-01,trinidad,6.67958998488693e-06,439,4,,TROPOMI
2026-04-01,trinidad,7.4001987487098534e-06,227,4,,TROPOMI
2018-07-01,cobija,1.2894537821999381e-05,426,1,,TROPOMI
2018-08-01,cobija,2.0950287401598242e-05,421,1,,TROPOMI
2018-09-01,cobija,1.8727111529689684e-05,414,1,,TROPOMI
2018-10-01,cobija,1.0370620353702854e-05,427,1,,TROPOMI
2018-11-01,cobija,4.943125139812622e-06,425,1,,TROPOMI
2018-12-01,cobija,4.767969649637272e-06,426,1,,TROPOMI
2019-01-01,cobija,8.201630775850702e-06,440,1,,TROPOMI
2019-02-01,cobija,7.416282907414992e-06,396,1,,TROPOMI
2019-03-01,cobija,8.64432752137849e-06,440,1,,TROPOMI
2019-04-01,cobija,6.542445525512807e-06,417,1,,TROPOMI
2019-05-01,cobija,4.821778108983972e-06,440,1,,TROPOMI
2019-06-01,cobija,7.121634818293545e-06,425,1,,TROPOMI
2019-07-01,cobija,7.725051186898595e-06,437,1,,TROPOMI
2019-08-01,cobija,2.1535368514094873e-05,440,1,,TROPOMI
2019-09-01,cobija,2.318840814605635e-05,425,1,,TROPOMI
2019-10-01,cobija,1.4504314101842128e-05,439,1,,TROPOMI
2019-11-01,cobija,7.221724831078584e-06,424,1,,TROPOMI
2019-12-01,cobija,6.946482672104701e-06,440,1,,TROPOMI
2020-01-01,cobija,9.447488627754467e-06,439,1,,TROPOMI
2020-02-01,cobija,5.258172859645787e-06,407,1,,TROPOMI
2020-03-01,cobija,7.79739323004057e-06,440,1,,TROPOMI
2020-04-01,cobija,6.463486041674062e-06,425,1,,TROPOMI
2020-05-01,cobija,4.965272733226703e-06,438,1,,TROPOMI
2020-06-01,cobija,4.513793386870526e-06,425,1,,TROPOMI
2020-07-01,cobija,7.94655168947022e-06,439,1,,TROPOMI
2020-08-01,cobija,1.6429605512350724e-05,437,1,,TROPOMI
2020-09-01,cobija,2.289314777917479e-05,425,1,,TROPOMI
2020-10-01,cobija,1.1118514231468457e-05,440,1,,TROPOMI
2020-11-01,cobija,9.73705430503971e-06,425,1,,TROPOMI
2020-12-01,cobija,5.283510373693544e-06,438,1,,TROPOMI
2021-01-01,cobija,8.1632523775738e-06,437,1,,TROPOMI
2021-02-01,cobija,7.195968096885317e-06,397,1,,TROPOMI
2021-03-01,cobija,4.631292390029714e-06,440,1,,TROPOMI
2021-04-01,cobija,8.201585202249625e-06,424,1,,TROPOMI
2021-05-01,cobija,9.329091046724854e-06,437,1,,TROPOMI
2021-06-01,cobija,8.375782507400994e-06,425,1,,TROPOMI
2021-07-01,cobija,1.2936813691286551e-05,440,1,,TROPOMI
2021-08-01,cobija,2.3380369938091665e-05,440,1,,TROPOMI
2021-09-01,cobija,2.2743003629240045e-05,426,1,,TROPOMI
2021-10-01,cobija,1.1760633655997987e-05,438,1,,TROPOMI
2021-11-01,cobija,6.762802459483066e-06,426,1,,TROPOMI
2021-12-01,cobija,5.636636305976033e-06,438,1,,TROPOMI
2022-01-01,cobija,9.551966088838799e-06,433,1,,TROPOMI
2022-02-01,cobija,6.069172198750257e-06,394,1,,TROPOMI
2022-03-01,cobija,8.317853315704138e-06,440,1,,TROPOMI
2022-04-01,cobija,5.886521774058554e-06,424,1,,TROPOMI
2022-05-01,cobija,8.853406792040463e-06,426,1,,TROPOMI
2022-06-01,cobija,8.699510754791508e-06,426,1,,TROPOMI
2022-07-01,cobija,7.31830266349976e-06,439,1,,TROPOMI
2022-08-01,cobija,2.5753010296927928e-05,440,1,,TROPOMI
2022-09-01,cobija,2.496460919581339e-05,426,1,,TROPOMI
2022-10-01,cobija,2.1065588638217802e-05,440,1,,TROPOMI
2022-11-01,cobija,1.2095804207413748e-05,425,1,,TROPOMI
2022-12-01,cobija,1.1151045394493974e-05,439,1,,TROPOMI
2023-01-01,cobija,1.0480804163099942e-05,440,1,,TROPOMI
2023-02-01,cobija,7.391228847103419e-06,397,1,,TROPOMI
2023-03-01,cobija,7.524693182708155e-06,440,1,,TROPOMI
2023-04-01,cobija,6.582846468310006e-06,426,1,,TROPOMI
2023-05-01,cobija,8.403678669089731e-06,401,1,,TROPOMI
2023-06-01,cobija,1.0915588244695294e-05,392,1,,TROPOMI
2023-07-01,cobija,1.236078338483546e-05,414,1,,TROPOMI
2023-08-01,cobija,1.5607410376518288e-05,439,1,,TROPOMI
2023-09-01,cobija,2.439004748515403e-05,425,1,,TROPOMI
2023-10-01,cobija,1.3705749705137463e-05,440,1,,TROPOMI
2023-11-01,cobija,1.0445439555328492e-05,425,1,,TROPOMI
2023-12-01,cobija,8.097892313160502e-06,438,1,,TROPOMI
2024-01-01,cobija,6.572467075035592e-06,432,1,,TROPOMI
2024-02-01,cobija,7.768916514121941e-06,407,1,,TROPOMI
2024-03-01,cobija,5.402369186817269e-06,433,1,,TROPOMI
2024-04-01,cobija,3.953568619805482e-06,425,1,,TROPOMI
2024-05-01,cobija,5.9820329383351315e-06,439,1,,TROPOMI
2024-06-01,cobija,5.005626571124456e-06,426,1,,TROPOMI
2024-07-01,cobija,1.2396891849495772e-05,438,1,,TROPOMI
2024-08-01,cobija,2.53298097202172e-05,436,1,,TROPOMI
2024-09-01,cobija,2.858931265168271e-05,424,1,,TROPOMI
2024-10-01,cobija,1.450292912942887e-05,440,1,,TROPOMI
2024-11-01,cobija,1.0888962563149418e-05,426,1,,TROPOMI
2024-12-01,cobija,8.8980858603952e-06,438,1,,TROPOMI
2025-01-01,cobija,9.168718577918406e-06,440,1,,TROPOMI
2025-02-01,cobija,6.594774282387612e-06,397,1,,TROPOMI
2025-03-01,cobija,7.666207210814407e-06,439,1,,TROPOMI
2025-04-01,cobija,5.952811976858828e-06,426,1,,TROPOMI
2025-05-01,cobija,6.684316202130432e-06,438,1,,TROPOMI
2025-06-01,cobija,8.042779867102972e-06,426,1,,TROPOMI
2025-07-01,cobija,1.2363067538954706e-05,440,1,,TROPOMI
2025-08-01,cobija,1.7683239661029178e-05,439,1,,TROPOMI
2025-09-01,cobija,1.7951113236073768e-05,422,1,,TROPOMI
2025-10-01,cobija,1.2153652899906782e-05,338,1,,TROPOMI
2025-11-01,cobija,1.0593160546571282e-05,386,1,,TROPOMI
2025-12-01,cobija,7.998481831761732e-06,440,1,,TROPOMI
2026-01-01,cobija,8.031084024973706e-06,440,1,,TROPOMI
2026-02-01,cobija,6.8194375418682986e-06,394,1,,TROPOMI
2026-03-01,cobija,8.909046161886299e-06,439,1,,TROPOMI
2026-04-01,cobija,4.538990464450219e-06,227,1,,TROPOMI
2018-07-01,montero,1.246055476041607e-05,426,4,,TROPOMI
2018-08-01,montero,2.5174467256931728e-05,421,4,,TROPOMI
2018-09-01,montero,3.415493827399333e-05,414,4,,TROPOMI
2018-10-01,montero,2.1290098280804266e-05,427,4,,TROPOMI
2018-11-01,montero,1.3450887474383497e-05,425,4,,TROPOMI
2018-12-01,montero,7.38630084924195e-06,426,4,,TROPOMI
2019-01-01,montero,1.238755159326476e-05,440,4,,TROPOMI
2019-02-01,montero,9.376210759560696e-06,396,4,,TROPOMI
2019-03-01,montero,9.70205280888839e-06,440,4,,TROPOMI
2019-04-01,montero,8.554882970804025e-06,417,4,,TROPOMI
2019-05-01,montero,9.004067298622233e-06,440,4,,TROPOMI
2019-06-01,montero,1.0259567051423904e-05,425,4,,TROPOMI
2019-07-01,montero,1.283632331959648e-05,437,4,,TROPOMI
2019-08-01,montero,2.5779075439338524e-05,440,4,,TROPOMI
2019-09-01,montero,2.896184253105149e-05,425,4,,TROPOMI
2019-10-01,montero,2.1841553005786325e-05,439,4,,TROPOMI
2019-11-01,montero,1.4019345993610833e-05,424,4,,TROPOMI
2019-12-01,montero,9.660347861258652e-06,440,4,,TROPOMI
2020-01-01,montero,1.147046756558311e-05,439,4,,TROPOMI
2020-02-01,montero,1.0893291560766397e-05,407,4,,TROPOMI
2020-03-01,montero,8.266641966002111e-06,440,4,,TROPOMI
2020-04-01,montero,8.658920475900878e-06,425,4,,TROPOMI
2020-05-01,montero,7.742723249220704e-06,438,4,,TROPOMI
2020-06-01,montero,8.438630735211282e-06,425,4,,TROPOMI
2020-07-01,montero,1.4802567018593502e-05,439,4,,TROPOMI
2020-08-01,montero,2.3540045418697386e-05,437,4,,TROPOMI
2020-09-01,montero,2.8829242611070822e-05,425,4,,TROPOMI
2020-10-01,montero,1.7239827972766018e-05,440,4,,TROPOMI
2020-11-01,montero,1.5334665300096396e-05,425,4,,TROPOMI
2020-12-01,montero,1.01677607646142e-05,438,4,,TROPOMI
2021-01-01,montero,7.510571708058775e-06,437,4,,TROPOMI
2021-02-01,montero,9.37301381584312e-06,397,4,,TROPOMI
2021-03-01,montero,7.775159868323584e-06,440,4,,TROPOMI
2021-04-01,montero,8.384902320588107e-06,424,4,,TROPOMI
2021-05-01,montero,1.0616061013696941e-05,437,4,,TROPOMI
2021-06-01,montero,1.343760783550002e-05,425,4,,TROPOMI
2021-07-01,montero,1.4988129370018478e-05,440,4,,TROPOMI
2021-08-01,montero,4.071576510101454e-05,440,4,,TROPOMI
2021-09-01,montero,2.943250315604199e-05,426,4,,TROPOMI
2021-10-01,montero,2.8955781379752676e-05,438,4,,TROPOMI
2021-11-01,montero,1.4427596205550291e-05,426,4,,TROPOMI
2021-12-01,montero,1.4621346049480176e-05,438,4,,TROPOMI
2022-01-01,montero,1.3571090038748582e-05,433,4,,TROPOMI
2022-02-01,montero,1.1719502715333872e-05,394,4,,TROPOMI
2022-03-01,montero,1.0252310167229626e-05,440,4,,TROPOMI
2022-04-01,montero,6.475684579832355e-06,424,4,,TROPOMI
2022-05-01,montero,1.0486679556509567e-05,426,4,,TROPOMI
2022-06-01,montero,1.3450498665132861e-05,426,4,,TROPOMI
2022-07-01,montero,1.637241173978257e-05,439,4,,TROPOMI
2022-08-01,montero,2.8054204344351305e-05,440,4,,TROPOMI
2022-09-01,montero,3.38819994202214e-05,426,4,,TROPOMI
2022-10-01,montero,2.141882484582075e-05,440,4,,TROPOMI
2022-11-01,montero,1.63962850562055e-05,425,4,,TROPOMI
2022-12-01,montero,1.2553930144895117e-05,439,4,,TROPOMI
2023-01-01,montero,9.745082925270157e-06,440,4,,TROPOMI
2023-02-01,montero,7.82529362827486e-06,397,4,,TROPOMI
2023-03-01,montero,1.0855113861440557e-05,440,4,,TROPOMI
2023-04-01,montero,9.825721188407259e-06,426,4,,TROPOMI
2023-05-01,montero,8.048587266010696e-06,401,4,,TROPOMI
2023-06-01,montero,9.25648509415958e-06,392,4,,TROPOMI
2023-07-01,montero,1.584307700297157e-05,414,4,,TROPOMI
2023-08-01,montero,2.5359577004673742e-05,439,4,,TROPOMI
2023-09-01,montero,3.0899357626825835e-05,425,4,,TROPOMI
2023-10-01,montero,3.2037149784436534e-05,440,4,,TROPOMI
2023-11-01,montero,2.040433096570123e-05,425,4,,TROPOMI
2023-12-01,montero,1.3207546271738887e-05,438,4,,TROPOMI
2024-01-01,montero,1.070031262078773e-05,432,4,,TROPOMI
2024-02-01,montero,1.0861167861452862e-05,407,4,,TROPOMI
2024-03-01,montero,9.795687718875207e-06,433,4,,TROPOMI
2024-04-01,montero,9.501318310490702e-06,425,4,,TROPOMI
2024-05-01,montero,1.1046449972262056e-05,439,4,,TROPOMI
2024-06-01,montero,9.95612023164261e-06,426,4,,TROPOMI
2024-07-01,montero,2.1869920075226904e-05,438,4,,TROPOMI
2024-08-01,montero,3.5022662109566e-05,436,4,,TROPOMI
2024-09-01,montero,5.0568448932660755e-05,424,4,,TROPOMI
2024-10-01,montero,2.9126128610526087e-05,440,4,,TROPOMI
2024-11-01,montero,1.385160321304537e-05,426,4,,TROPOMI
2024-12-01,montero,1.1503767702626437e-05,438,4,,TROPOMI
2025-01-01,montero,1.2822511603361836e-05,440,4,,TROPOMI
2025-02-01,montero,1.281667843556723e-05,397,4,,TROPOMI
2025-03-01,montero,9.55245044733292e-06,439,4,,TROPOMI
2025-04-01,montero,8.74128153583507e-06,426,4,,TROPOMI
2025-05-01,montero,9.062941930735433e-06,438,4,,TROPOMI
2025-06-01,montero,9.755119386552069e-06,426,4,,TROPOMI
2025-07-01,montero,1.8445249976977988e-05,440,4,,TROPOMI
2025-08-01,montero,2.57498200305671e-05,439,4,,TROPOMI
2025-09-01,montero,3.4204235269765475e-05,422,4,,TROPOMI
2025-10-01,montero,2.2861504701860864e-05,338,4,,TROPOMI
2025-11-01,montero,1.1773534372901733e-05,386,4,,TROPOMI
2025-12-01,montero,8.284720441067278e-06,440,4,,TROPOMI
2026-01-01,montero,1.1825172086252758e-05,440,4,,TROPOMI
2026-02-01,montero,1.147475009657828e-05,394,4,,TROPOMI
2026-03-01,montero,9.59747997281842e-06,439,4,,TROPOMI
2026-04-01,montero,9.093194532819618e-06,227,4,,TROPOMI
2018-07-01,yacuiba,9.16063650529755e-06,426,4,,TROPOMI
2018-08-01,yacuiba,1.733096393271072e-05,421,4,,TROPOMI
2018-09-01,yacuiba,1.819331011220005e-05,414,4,,TROPOMI
2018-10-01,yacuiba,1.8274609849928127e-05,427,4,,TROPOMI
2018-11-01,yacuiba,1.4707430953750311e-05,425,4,,TROPOMI
2018-12-01,yacuiba,6.603304901890689e-06,426,4,,TROPOMI
2019-01-01,yacuiba,1.5887128112462464e-05,440,4,,TROPOMI
2019-02-01,yacuiba,7.880988356225706e-06,396,4,,TROPOMI
2019-03-01,yacuiba,5.191623021417484e-06,440,4,,TROPOMI
2019-04-01,yacuiba,8.053765141712757e-06,417,4,,TROPOMI
2019-05-01,yacuiba,5.750447987167459e-06,440,4,,TROPOMI
2019-06-01,yacuiba,8.395116237613735e-06,425,4,,TROPOMI
2019-07-01,yacuiba,9.904546775181535e-06,437,4,,TROPOMI
2019-08-01,yacuiba,1.4901299892755037e-05,440,4,,TROPOMI
2019-09-01,yacuiba,1.9441887701457923e-05,425,4,,TROPOMI
2019-10-01,yacuiba,1.4004603400434839e-05,439,4,,TROPOMI
2019-11-01,yacuiba,7.3571738070749065e-06,424,4,,TROPOMI
2019-12-01,yacuiba,5.770400257751549e-06,440,4,,TROPOMI
2020-01-01,yacuiba,9.105423613639567e-06,439,4,,TROPOMI
2020-02-01,yacuiba,7.5962226432324795e-06,407,4,,TROPOMI
2020-03-01,yacuiba,7.21476141474185e-06,440,4,,TROPOMI
2020-04-01,yacuiba,6.332137496241398e-06,425,4,,TROPOMI
2020-05-01,yacuiba,6.292905430894659e-06,438,4,,TROPOMI
2020-06-01,yacuiba,8.655376707555665e-06,425,4,,TROPOMI
2020-07-01,yacuiba,9.482322642282084e-06,439,4,,TROPOMI
2020-08-01,yacuiba,1.9288884025104055e-05,437,4,,TROPOMI
2020-09-01,yacuiba,2.737178531409274e-05,425,4,,TROPOMI
2020-10-01,yacuiba,2.8374793904480713e-05,440,4,,TROPOMI
2020-11-01,yacuiba,1.709073884903014e-05,425,4,,TROPOMI
2020-12-01,yacuiba,1.0271461485562115e-05,438,4,,TROPOMI
2021-01-01,yacuiba,1.0373281298236029e-05,437,4,,TROPOMI
2021-02-01,yacuiba,1.0171231282155475e-05,397,4,,TROPOMI
2021-03-01,yacuiba,6.04789157584905e-06,440,4,,TROPOMI
2021-04-01,yacuiba,7.808408088277377e-06,424,4,,TROPOMI
2021-05-01,yacuiba,7.137246244811534e-06,437,4,,TROPOMI
2021-06-01,yacuiba,7.971657066240468e-06,425,4,,TROPOMI
2021-07-01,yacuiba,1.1097312669465945e-05,440,4,,TROPOMI
2021-08-01,yacuiba,1.7143511968206888e-05,440,4,,TROPOMI
2021-09-01,yacuiba,1.7561817433218055e-05,426,4,,TROPOMI
2021-10-01,yacuiba,1.4437218853209653e-05,438,4,,TROPOMI
2021-11-01,yacuiba,1.8264743515019768e-05,426,4,,TROPOMI
2021-12-01,yacuiba,1.1021735942977002e-05,438,4,,TROPOMI
2022-01-01,yacuiba,1.0554823487971331e-05,433,4,,TROPOMI
2022-02-01,yacuiba,5.9955882341887724e-06,394,4,,TROPOMI
2022-03-01,yacuiba,6.202634152262928e-06,440,4,,TROPOMI
2022-04-01,yacuiba,5.975225300255752e-06,424,4,,TROPOMI
2022-05-01,yacuiba,6.408929163821067e-06,426,4,,TROPOMI
2022-06-01,yacuiba,8.9793417622808e-06,426,4,,TROPOMI
2022-07-01,yacuiba,1.4343308079578939e-05,439,4,,TROPOMI
2022-08-01,yacuiba,1.843849127728647e-05,440,4,,TROPOMI
2022-09-01,yacuiba,2.522464648455105e-05,426,4,,TROPOMI
2022-10-01,yacuiba,2.2163473383171364e-05,440,4,,TROPOMI
2022-11-01,yacuiba,2.852586821393662e-05,425,4,,TROPOMI
2022-12-01,yacuiba,1.3647120835756128e-05,439,4,,TROPOMI
2023-01-01,yacuiba,1.6593757994685728e-05,440,4,,TROPOMI
2023-02-01,yacuiba,7.49339016242316e-06,397,4,,TROPOMI
2023-03-01,yacuiba,7.518378873512201e-06,440,4,,TROPOMI
2023-04-01,yacuiba,4.85642342926919e-06,426,4,,TROPOMI
2023-05-01,yacuiba,6.636263138706893e-06,401,4,,TROPOMI
2023-06-01,yacuiba,8.524335691184067e-06,392,4,,TROPOMI
2023-07-01,yacuiba,9.11611734347679e-06,414,4,,TROPOMI
2023-08-01,yacuiba,1.685460985837153e-05,439,4,,TROPOMI
2023-09-01,yacuiba,2.1760849339259932e-05,425,4,,TROPOMI
2023-10-01,yacuiba,2.4828711907164194e-05,440,4,,TROPOMI
2023-11-01,yacuiba,2.518051624233117e-05,425,4,,TROPOMI
2023-12-01,yacuiba,1.0851017103299891e-05,438,4,,TROPOMI
2024-01-01,yacuiba,8.24591593227288e-06,432,4,,TROPOMI
2024-02-01,yacuiba,9.144096225432783e-06,407,4,,TROPOMI
2024-03-01,yacuiba,8.45254255570345e-06,433,4,,TROPOMI
2024-04-01,yacuiba,6.024813168848975e-06,425,4,,TROPOMI
2024-05-01,yacuiba,5.7620077572756475e-06,439,4,,TROPOMI
2024-06-01,yacuiba,1.1665896970172778e-05,426,4,,TROPOMI
2024-07-01,yacuiba,1.1442831487573586e-05,438,4,,TROPOMI
2024-08-01,yacuiba,1.7919824580650328e-05,436,4,,TROPOMI
2024-09-01,yacuiba,2.3054083072892854e-05,424,4,,TROPOMI
2024-10-01,yacuiba,2.598912978380508e-05,440,4,,TROPOMI
2024-11-01,yacuiba,1.0032404886434963e-05,426,4,,TROPOMI
2024-12-01,yacuiba,7.958801677188564e-06,438,4,,TROPOMI
2025-01-01,yacuiba,9.304057236482942e-06,440,4,,TROPOMI
2025-02-01,yacuiba,1.4021848848451817e-05,397,4,,TROPOMI
2025-03-01,yacuiba,8.459424102468935e-06,439,4,,TROPOMI
2025-04-01,yacuiba,5.88383337470719e-06,426,4,,TROPOMI
2025-05-01,yacuiba,6.152148574606764e-06,438,4,,TROPOMI
2025-06-01,yacuiba,8.362524546103916e-06,426,4,,TROPOMI
2025-07-01,yacuiba,1.0191159338414455e-05,440,4,,TROPOMI
2025-08-01,yacuiba,1.122765912225931e-05,439,4,,TROPOMI
2025-09-01,yacuiba,1.8037483499908842e-05,422,4,,TROPOMI
2025-10-01,yacuiba,1.846338540867798e-05,338,4,,TROPOMI
2025-11-01,yacuiba,1.0810063503425811e-05,386,4,,TROPOMI
2025-12-01,yacuiba,8.869678027731485e-06,440,4,,TROPOMI
2026-01-01,yacuiba,8.958285373981337e-06,440,4,,TROPOMI
2026-02-01,yacuiba,8.968615686944903e-06,394,4,,TROPOMI
2026-03-01,yacuiba,8.459001380085526e-06,439,4,,TROPOMI
2026-04-01,yacuiba,5.20810037643028e-06,227,4,,TROPOMI
